circuitId,circuitName,country,date,lat,locality,long,raceName,round,season,time,url
silverstone,Silverstone Circuit,UK,1950-05-13,52.0786,Silverstone,-1.01694,British Grand Prix,1,1950,,https://en.wikipedia.org/wiki/Silverstone_Circuit
monaco,Circuit de Monaco,Monaco,1950-05-21,43.7347,Monte Carlo,7.42056,Monaco Grand Prix,2,1950,,https://en.wikipedia.org/wiki/Circuit_de_Monaco
indianapolis,Indianapolis Motor Speedway,USA,1950-05-30,39.795,Indianapolis,-86.2347,Indianapolis 500,3,1950,,https://en.wikipedia.org/wiki/Indianapolis_Motor_Speedway
bremgarten,Circuit Bremgarten,Switzerland,1950-06-04,46.9589,Bern,7.40194,Swiss Grand Prix,4,1950,,https://en.wikipedia.org/wiki/Circuit_Bremgarten
spa,Circuit de Spa-Francorchamps,Belgium,1950-06-18,50.4372,Spa,5.97139,Belgian Grand Prix,5,1950,,https://en.wikipedia.org/wiki/Circuit_de_Spa-Francorchamps
reims,Reims-Gueux,France,1950-07-02,49.2542,Reims,3.93083,French Grand Prix,6,1950,,https://en.wikipedia.org/wiki/Reims-Gueux
monza,Autodromo Nazionale di Monza,Italy,1950-09-03,45.6156,Monza,9.28111,Italian Grand Prix,7,1950,,https://en.wikipedia.org/wiki/Monza_Circuit
bremgarten,Circuit Bremgarten,Switzerland,1951-05-27,46.9589,Bern,7.40194,Swiss Grand Prix,1,1951,,https://en.wikipedia.org/wiki/Circuit_Bremgarten
indianapolis,Indianapolis Motor Speedway,USA,1951-05-30,39.795,Indianapolis,-86.2347,Indianapolis 500,2,1951,,https://en.wikipedia.org/wiki/Indianapolis_Motor_Speedway
spa,Circuit de Spa-Francorchamps,Belgium,1951-06-17,50.4372,Spa,5.97139,Belgian Grand Prix,3,1951,,https://en.wikipedia.org/wiki/Circuit_de_Spa-Francorchamps
reims,Reims-Gueux,France,1951-07-01,49.2542,Reims,3.93083,French Grand Prix,4,1951,,https://en.wikipedia.org/wiki/Reims-Gueux
silverstone,Silverstone Circuit,UK,1951-07-14,52.0786,Silverstone,-1.01694,British Grand Prix,5,1951,,https://en.wikipedia.org/wiki/Silverstone_Circuit
nurburgring,Nürburgring,Germany,1951-07-29,50.3356,Nürburg,6.9475,German Grand Prix,6,1951,,https://en.wikipedia.org/wiki/N%C3%BCrburgring
monza,Autodromo Nazionale di Monza,Italy,1951-09-16,45.6156,Monza,9.28111,Italian Grand Prix,7,1951,,https://en.wikipedia.org/wiki/Monza_Circuit
pedralbes,Circuit de Pedralbes,Spain,1951-10-28,41.3903,Barcelona,2.11667,Spanish Grand Prix,8,1951,,https://en.wikipedia.org/wiki/Pedralbes_Circuit
bremgarten,Circuit Bremgarten,Switzerland,1952-05-18,46.9589,Bern,7.40194,Swiss Grand Prix,1,1952,,https://en.wikipedia.org/wiki/Circuit_Bremgarten
indianapolis,Indianapolis Motor Speedway,USA,1952-05-30,39.795,Indianapolis,-86.2347,Indianapolis 500,2,1952,,https://en.wikipedia.org/wiki/Indianapolis_Motor_Speedway
spa,Circuit de Spa-Francorchamps,Belgium,1952-06-22,50.4372,Spa,5.97139,Belgian Grand Prix,3,1952,,https://en.wikipedia.org/wiki/Circuit_de_Spa-Francorchamps
essarts,Rouen-Les-Essarts,France,1952-07-06,49.3306,Rouen,1.00458,French Grand Prix,4,1952,,https://en.wikipedia.org/wiki/Rouen-Les-Essarts
silverstone,Silverstone Circuit,UK,1952-07-19,52.0786,Silverstone,-1.01694,British Grand Prix,5,1952,,https://en.wikipedia.org/wiki/Silverstone_Circuit
nurburgring,Nürburgring,Germany,1952-08-03,50.3356,Nürburg,6.9475,German Grand Prix,6,1952,,https://en.wikipedia.org/wiki/N%C3%BCrburgring
zandvoort,Circuit Park Zandvoort,Netherlands,1952-08-17,52.3888,Zandvoort,4.54092,Dutch Grand Prix,7,1952,,https://en.wikipedia.org/wiki/Circuit_Zandvoort
monza,Autodromo Nazionale di Monza,Italy,1952-09-07,45.6156,Monza,9.28111,Italian Grand Prix,8,1952,,https://en.wikipedia.org/wiki/Monza_Circuit
galvez,Autódromo Juan y Oscar Gálvez,Argentina,1953-01-18,-34.6943,Buenos Aires,-58.4593,Argentine Grand Prix,1,1953,,https://en.wikipedia.org/wiki/Autódromo_Oscar_y_Juan_Gálvez
indianapolis,Indianapolis Motor Speedway,USA,1953-05-30,39.795,Indianapolis,-86.2347,Indianapolis 500,2,1953,,https://en.wikipedia.org/wiki/Indianapolis_Motor_Speedway
zandvoort,Circuit Park Zandvoort,Netherlands,1953-06-07,52.3888,Zandvoort,4.54092,Dutch Grand Prix,3,1953,,https://en.wikipedia.org/wiki/Circuit_Zandvoort
spa,Circuit de Spa-Francorchamps,Belgium,1953-06-21,50.4372,Spa,5.97139,Belgian Grand Prix,4,1953,,https://en.wikipedia.org/wiki/Circuit_de_Spa-Francorchamps
reims,Reims-Gueux,France,1953-07-05,49.2542,Reims,3.93083,French Grand Prix,5,1953,,https://en.wikipedia.org/wiki/Reims-Gueux
silverstone,Silverstone Circuit,UK,1953-07-18,52.0786,Silverstone,-1.01694,British Grand Prix,6,1953,,https://en.wikipedia.org/wiki/Silverstone_Circuit
nurburgring,Nürburgring,Germany,1953-08-02,50.3356,Nürburg,6.9475,German Grand Prix,7,1953,,https://en.wikipedia.org/wiki/N%C3%BCrburgring
bremgarten,Circuit Bremgarten,Switzerland,1953-08-23,46.9589,Bern,7.40194,Swiss Grand Prix,8,1953,,https://en.wikipedia.org/wiki/Circuit_Bremgarten
monza,Autodromo Nazionale di Monza,Italy,1953-09-13,45.6156,Monza,9.28111,Italian Grand Prix,9,1953,,https://en.wikipedia.org/wiki/Monza_Circuit
galvez,Autódromo Juan y Oscar Gálvez,Argentina,1954-01-17,-34.6943,Buenos Aires,-58.4593,Argentine Grand Prix,1,1954,,https://en.wikipedia.org/wiki/Autódromo_Oscar_y_Juan_Gálvez
indianapolis,Indianapolis Motor Speedway,USA,1954-05-31,39.795,Indianapolis,-86.2347,Indianapolis 500,2,1954,,https://en.wikipedia.org/wiki/Indianapolis_Motor_Speedway
spa,Circuit de Spa-Francorchamps,Belgium,1954-06-20,50.4372,Spa,5.97139,Belgian Grand Prix,3,1954,,https://en.wikipedia.org/wiki/Circuit_de_Spa-Francorchamps
reims,Reims-Gueux,France,1954-07-04,49.2542,Reims,3.93083,French Grand Prix,4,1954,,https://en.wikipedia.org/wiki/Reims-Gueux
silverstone,Silverstone Circuit,UK,1954-07-17,52.0786,Silverstone,-1.01694,British Grand Prix,5,1954,,https://en.wikipedia.org/wiki/Silverstone_Circuit
nurburgring,Nürburgring,Germany,1954-08-01,50.3356,Nürburg,6.9475,German Grand Prix,6,1954,,https://en.wikipedia.org/wiki/N%C3%BCrburgring
bremgarten,Circuit Bremgarten,Switzerland,1954-08-22,46.9589,Bern,7.40194,Swiss Grand Prix,7,1954,,https://en.wikipedia.org/wiki/Circuit_Bremgarten
monza,Autodromo Nazionale di Monza,Italy,1954-09-05,45.6156,Monza,9.28111,Italian Grand Prix,8,1954,,https://en.wikipedia.org/wiki/Monza_Circuit
pedralbes,Circuit de Pedralbes,Spain,1954-10-24,41.3903,Barcelona,2.11667,Spanish Grand Prix,9,1954,,https://en.wikipedia.org/wiki/Pedralbes_Circuit
galvez,Autódromo Juan y Oscar Gálvez,Argentina,1955-01-16,-34.6943,Buenos Aires,-58.4593,Argentine Grand Prix,1,1955,,https://en.wikipedia.org/wiki/Autódromo_Oscar_y_Juan_Gálvez
monaco,Circuit de Monaco,Monaco,1955-05-22,43.7347,Monte Carlo,7.42056,Monaco Grand Prix,2,1955,,https://en.wikipedia.org/wiki/Circuit_de_Monaco
indianapolis,Indianapolis Motor Speedway,USA,1955-05-30,39.795,Indianapolis,-86.2347,Indianapolis 500,3,1955,,https://en.wikipedia.org/wiki/Indianapolis_Motor_Speedway
spa,Circuit de Spa-Francorchamps,Belgium,1955-06-05,50.4372,Spa,5.97139,Belgian Grand Prix,4,1955,,https://en.wikipedia.org/wiki/Circuit_de_Spa-Francorchamps
zandvoort,Circuit Park Zandvoort,Netherlands,1955-06-19,52.3888,Zandvoort,4.54092,Dutch Grand Prix,5,1955,,https://en.wikipedia.org/wiki/Circuit_Zandvoort
aintree,Aintree,UK,1955-07-16,53.4769,Liverpool,-2.94056,British Grand Prix,6,1955,,https://en.wikipedia.org/wiki/Aintree_Motor_Racing_Circuit
monza,Autodromo Nazionale di Monza,Italy,1955-09-11,45.6156,Monza,9.28111,Italian Grand Prix,7,1955,,https://en.wikipedia.org/wiki/Monza_Circuit
galvez,Autódromo Juan y Oscar Gálvez,Argentina,1956-01-22,-34.6943,Buenos Aires,-58.4593,Argentine Grand Prix,1,1956,,https://en.wikipedia.org/wiki/Autódromo_Oscar_y_Juan_Gálvez
monaco,Circuit de Monaco,Monaco,1956-05-13,43.7347,Monte Carlo,7.42056,Monaco Grand Prix,2,1956,,https://en.wikipedia.org/wiki/Circuit_de_Monaco
indianapolis,Indianapolis Motor Speedway,USA,1956-05-30,39.795,Indianapolis,-86.2347,Indianapolis 500,3,1956,,https://en.wikipedia.org/wiki/Indianapolis_Motor_Speedway
spa,Circuit de Spa-Francorchamps,Belgium,1956-06-03,50.4372,Spa,5.97139,Belgian Grand Prix,4,1956,,https://en.wikipedia.org/wiki/Circuit_de_Spa-Francorchamps
reims,Reims-Gueux,France,1956-07-01,49.2542,Reims,3.93083,French Grand Prix,5,1956,,https://en.wikipedia.org/wiki/Reims-Gueux
silverstone,Silverstone Circuit,UK,1956-07-14,52.0786,Silverstone,-1.01694,British Grand Prix,6,1956,,https://en.wikipedia.org/wiki/Silverstone_Circuit
nurburgring,Nürburgring,Germany,1956-08-05,50.3356,Nürburg,6.9475,German Grand Prix,7,1956,,https://en.wikipedia.org/wiki/N%C3%BCrburgring
monza,Autodromo Nazionale di Monza,Italy,1956-09-02,45.6156,Monza,9.28111,Italian Grand Prix,8,1956,,https://en.wikipedia.org/wiki/Monza_Circuit
galvez,Autódromo Juan y Oscar Gálvez,Argentina,1957-01-13,-34.6943,Buenos Aires,-58.4593,Argentine Grand Prix,1,1957,,https://en.wikipedia.org/wiki/Autódromo_Oscar_y_Juan_Gálvez
monaco,Circuit de Monaco,Monaco,1957-05-19,43.7347,Monte Carlo,7.42056,Monaco Grand Prix,2,1957,,https://en.wikipedia.org/wiki/Circuit_de_Monaco
indianapolis,Indianapolis Motor Speedway,USA,1957-05-30,39.795,Indianapolis,-86.2347,Indianapolis 500,3,1957,,https://en.wikipedia.org/wiki/Indianapolis_Motor_Speedway
essarts,Rouen-Les-Essarts,France,1957-07-07,49.3306,Rouen,1.00458,French Grand Prix,4,1957,,https://en.wikipedia.org/wiki/Rouen-Les-Essarts
aintree,Aintree,UK,1957-07-20,53.4769,Liverpool,-2.94056,British Grand Prix,5,1957,,https://en.wikipedia.org/wiki/Aintree_Motor_Racing_Circuit
nurburgring,Nürburgring,Germany,1957-08-04,50.3356,Nürburg,6.9475,German Grand Prix,6,1957,,https://en.wikipedia.org/wiki/N%C3%BCrburgring
pescara,Pescara Circuit,Italy,1957-08-18,42.475,Pescara,14.1508,Pescara Grand Prix,7,1957,,https://en.wikipedia.org/wiki/Pescara_Circuit
monza,Autodromo Nazionale di Monza,Italy,1957-09-08,45.6156,Monza,9.28111,Italian Grand Prix,8,1957,,https://en.wikipedia.org/wiki/Monza_Circuit
galvez,Autódromo Juan y Oscar Gálvez,Argentina,1958-01-19,-34.6943,Buenos Aires,-58.4593,Argentine Grand Prix,1,1958,,https://en.wikipedia.org/wiki/Autódromo_Oscar_y_Juan_Gálvez
monaco,Circuit de Monaco,Monaco,1958-05-18,43.7347,Monte Carlo,7.42056,Monaco Grand Prix,2,1958,,https://en.wikipedia.org/wiki/Circuit_de_Monaco
zandvoort,Circuit Park Zandvoort,Netherlands,1958-05-26,52.3888,Zandvoort,4.54092,Dutch Grand Prix,3,1958,,https://en.wikipedia.org/wiki/Circuit_Zandvoort
indianapolis,Indianapolis Motor Speedway,USA,1958-05-30,39.795,Indianapolis,-86.2347,Indianapolis 500,4,1958,,https://en.wikipedia.org/wiki/Indianapolis_Motor_Speedway
spa,Circuit de Spa-Francorchamps,Belgium,1958-06-15,50.4372,Spa,5.97139,Belgian Grand Prix,5,1958,,https://en.wikipedia.org/wiki/Circuit_de_Spa-Francorchamps
reims,Reims-Gueux,France,1958-07-06,49.2542,Reims,3.93083,French Grand Prix,6,1958,,https://en.wikipedia.org/wiki/Reims-Gueux
silverstone,Silverstone Circuit,UK,1958-07-19,52.0786,Silverstone,-1.01694,British Grand Prix,7,1958,,https://en.wikipedia.org/wiki/Silverstone_Circuit
nurburgring,Nürburgring,Germany,1958-08-03,50.3356,Nürburg,6.9475,German Grand Prix,8,1958,,https://en.wikipedia.org/wiki/N%C3%BCrburgring
boavista,Circuito da Boavista,Portugal,1958-08-24,41.1705,Oporto,-8.67325,Portuguese Grand Prix,9,1958,,https://en.wikipedia.org/wiki/Circuito_da_Boavista
monza,Autodromo Nazionale di Monza,Italy,1958-09-07,45.6156,Monza,9.28111,Italian Grand Prix,10,1958,,https://en.wikipedia.org/wiki/Monza_Circuit
ain-diab,Ain Diab,Morocco,1958-10-19,33.5786,Casablanca,-7.6875,Moroccan Grand Prix,11,1958,,https://en.wikipedia.org/wiki/Ain-Diab_Circuit
monaco,Circuit de Monaco,Monaco,1959-05-10,43.7347,Monte Carlo,7.42056,Monaco Grand Prix,1,1959,,https://en.wikipedia.org/wiki/Circuit_de_Monaco
indianapolis,Indianapolis Motor Speedway,USA,1959-05-30,39.795,Indianapolis,-86.2347,Indianapolis 500,2,1959,,https://en.wikipedia.org/wiki/Indianapolis_Motor_Speedway
zandvoort,Circuit Park Zandvoort,Netherlands,1959-05-31,52.3888,Zandvoort,4.54092,Dutch Grand Prix,3,1959,,https://en.wikipedia.org/wiki/Circuit_Zandvoort
reims,Reims-Gueux,France,1959-07-05,49.2542,Reims,3.93083,French Grand Prix,4,1959,,https://en.wikipedia.org/wiki/Reims-Gueux
aintree,Aintree,UK,1959-07-18,53.4769,Liverpool,-2.94056,British Grand Prix,5,1959,,https://en.wikipedia.org/wiki/Aintree_Motor_Racing_Circuit
avus,AVUS,Germany,1959-08-02,52.4806,Berlin,13.2514,German Grand Prix,6,1959,,https://en.wikipedia.org/wiki/AVUS
monsanto,Monsanto Park Circuit,Portugal,1959-08-23,38.7197,Lisbon,-9.20306,Portuguese Grand Prix,7,1959,,https://en.wikipedia.org/wiki/Circuito_de_Monsanto
monza,Autodromo Nazionale di Monza,Italy,1959-09-13,45.6156,Monza,9.28111,Italian Grand Prix,8,1959,,https://en.wikipedia.org/wiki/Monza_Circuit
sebring,Sebring International Raceway,USA,1959-12-12,27.4547,Florida,-81.3483,United States Grand Prix,9,1959,,https://en.wikipedia.org/wiki/Sebring_International_Raceway
galvez,Autódromo Juan y Oscar Gálvez,Argentina,1960-02-07,-34.6943,Buenos Aires,-58.4593,Argentine Grand Prix,1,1960,,https://en.wikipedia.org/wiki/Autódromo_Oscar_y_Juan_Gálvez
monaco,Circuit de Monaco,Monaco,1960-05-29,43.7347,Monte Carlo,7.42056,Monaco Grand Prix,2,1960,,https://en.wikipedia.org/wiki/Circuit_de_Monaco
indianapolis,Indianapolis Motor Speedway,USA,1960-05-30,39.795,Indianapolis,-86.2347,Indianapolis 500,3,1960,,https://en.wikipedia.org/wiki/Indianapolis_Motor_Speedway
zandvoort,Circuit Park Zandvoort,Netherlands,1960-06-06,52.3888,Zandvoort,4.54092,Dutch Grand Prix,4,1960,,https://en.wikipedia.org/wiki/Circuit_Zandvoort
spa,Circuit de Spa-Francorchamps,Belgium,1960-06-19,50.4372,Spa,5.97139,Belgian Grand Prix,5,1960,,https://en.wikipedia.org/wiki/Circuit_de_Spa-Francorchamps
reims,Reims-Gueux,France,1960-07-03,49.2542,Reims,3.93083,French Grand Prix,6,1960,,https://en.wikipedia.org/wiki/Reims-Gueux
silverstone,Silverstone Circuit,UK,1960-07-16,52.0786,Silverstone,-1.01694,British Grand Prix,7,1960,,https://en.wikipedia.org/wiki/Silverstone_Circuit
boavista,Circuito da Boavista,Portugal,1960-08-14,41.1705,Oporto,-8.67325,Portuguese Grand Prix,8,1960,,https://en.wikipedia.org/wiki/Circuito_da_Boavista
monza,Autodromo Nazionale di Monza,Italy,1960-09-04,45.6156,Monza,9.28111,Italian Grand Prix,9,1960,,https://en.wikipedia.org/wiki/Monza_Circuit
riverside,Riverside International Raceway,USA,1960-11-20,33.937,California,-117.273,United States Grand Prix,10,1960,,https://en.wikipedia.org/wiki/Riverside_International_Raceway
monaco,Circuit de Monaco,Monaco,1961-05-14,43.7347,Monte Carlo,7.42056,Monaco Grand Prix,1,1961,,https://en.wikipedia.org/wiki/Circuit_de_Monaco
zandvoort,Circuit Park Zandvoort,Netherlands,1961-05-22,52.3888,Zandvoort,4.54092,Dutch Grand Prix,2,1961,,https://en.wikipedia.org/wiki/Circuit_Zandvoort
spa,Circuit de Spa-Francorchamps,Belgium,1961-06-18,50.4372,Spa,5.97139,Belgian Grand Prix,3,1961,,https://en.wikipedia.org/wiki/Circuit_de_Spa-Francorchamps
reims,Reims-Gueux,France,1961-07-02,49.2542,Reims,3.93083,French Grand Prix,4,1961,,https://en.wikipedia.org/wiki/Reims-Gueux
aintree,Aintree,UK,1961-07-15,53.4769,Liverpool,-2.94056,British Grand Prix,5,1961,,https://en.wikipedia.org/wiki/Aintree_Motor_Racing_Circuit
nurburgring,Nürburgring,Germany,1961-08-06,50.3356,Nürburg,6.9475,German Grand Prix,6,1961,,https://en.wikipedia.org/wiki/N%C3%BCrburgring
monza,Autodromo Nazionale di Monza,Italy,1961-09-10,45.6156,Monza,9.28111,Italian Grand Prix,7,1961,,https://en.wikipedia.org/wiki/Monza_Circuit
watkins_glen,Watkins Glen,USA,1961-10-08,42.3369,New York State,-76.9272,United States Grand Prix,8,1961,,https://en.wikipedia.org/wiki/Watkins_Glen_International
zandvoort,Circuit Park Zandvoort,Netherlands,1962-05-20,52.3888,Zandvoort,4.54092,Dutch Grand Prix,1,1962,,https://en.wikipedia.org/wiki/Circuit_Zandvoort
monaco,Circuit de Monaco,Monaco,1962-06-03,43.7347,Monte Carlo,7.42056,Monaco Grand Prix,2,1962,,https://en.wikipedia.org/wiki/Circuit_de_Monaco
spa,Circuit de Spa-Francorchamps,Belgium,1962-06-17,50.4372,Spa,5.97139,Belgian Grand Prix,3,1962,,https://en.wikipedia.org/wiki/Circuit_de_Spa-Francorchamps
essarts,Rouen-Les-Essarts,France,1962-07-08,49.3306,Rouen,1.00458,French Grand Prix,4,1962,,https://en.wikipedia.org/wiki/Rouen-Les-Essarts
aintree,Aintree,UK,1962-07-21,53.4769,Liverpool,-2.94056,British Grand Prix,5,1962,,https://en.wikipedia.org/wiki/Aintree_Motor_Racing_Circuit
nurburgring,Nürburgring,Germany,1962-08-05,50.3356,Nürburg,6.9475,German Grand Prix,6,1962,,https://en.wikipedia.org/wiki/N%C3%BCrburgring
monza,Autodromo Nazionale di Monza,Italy,1962-09-16,45.6156,Monza,9.28111,Italian Grand Prix,7,1962,,https://en.wikipedia.org/wiki/Monza_Circuit
watkins_glen,Watkins Glen,USA,1962-10-07,42.3369,New York State,-76.9272,United States Grand Prix,8,1962,,https://en.wikipedia.org/wiki/Watkins_Glen_International
george,Prince George Circuit,South Africa,1962-12-29,-33.0486,Eastern Cape Province,27.8736,South African Grand Prix,9,1962,,https://en.wikipedia.org/wiki/Prince_George_Circuit
monaco,Circuit de Monaco,Monaco,1963-05-26,43.7347,Monte Carlo,7.42056,Monaco Grand Prix,1,1963,,https://en.wikipedia.org/wiki/Circuit_de_Monaco
spa,Circuit de Spa-Francorchamps,Belgium,1963-06-09,50.4372,Spa,5.97139,Belgian Grand Prix,2,1963,,https://en.wikipedia.org/wiki/Circuit_de_Spa-Francorchamps
zandvoort,Circuit Park Zandvoort,Netherlands,1963-06-23,52.3888,Zandvoort,4.54092,Dutch Grand Prix,3,1963,,https://en.wikipedia.org/wiki/Circuit_Zandvoort
reims,Reims-Gueux,France,1963-06-30,49.2542,Reims,3.93083,French Grand Prix,4,1963,,https://en.wikipedia.org/wiki/Reims-Gueux
silverstone,Silverstone Circuit,UK,1963-07-20,52.0786,Silverstone,-1.01694,British Grand Prix,5,1963,,https://en.wikipedia.org/wiki/Silverstone_Circuit
nurburgring,Nürburgring,Germany,1963-08-04,50.3356,Nürburg,6.9475,German Grand Prix,6,1963,,https://en.wikipedia.org/wiki/N%C3%BCrburgring
monza,Autodromo Nazionale di Monza,Italy,1963-09-08,45.6156,Monza,9.28111,Italian Grand Prix,7,1963,,https://en.wikipedia.org/wiki/Monza_Circuit
watkins_glen,Watkins Glen,USA,1963-10-06,42.3369,New York State,-76.9272,United States Grand Prix,8,1963,,https://en.wikipedia.org/wiki/Watkins_Glen_International
rodriguez,Autódromo Hermanos Rodríguez,Mexico,1963-10-27,19.4042,Mexico City,-99.0907,Mexican Grand Prix,9,1963,,https://en.wikipedia.org/wiki/Aut%C3%B3dromo_Hermanos_Rodr%C3%ADguez
george,Prince George Circuit,South Africa,1963-12-28,-33.0486,Eastern Cape Province,27.8736,South African Grand Prix,10,1963,,https://en.wikipedia.org/wiki/Prince_George_Circuit
monaco,Circuit de Monaco,Monaco,1964-05-10,43.7347,Monte Carlo,7.42056,Monaco Grand Prix,1,1964,,https://en.wikipedia.org/wiki/Circuit_de_Monaco
zandvoort,Circuit Park Zandvoort,Netherlands,1964-05-24,52.3888,Zandvoort,4.54092,Dutch Grand Prix,2,1964,,https://en.wikipedia.org/wiki/Circuit_Zandvoort
spa,Circuit de Spa-Francorchamps,Belgium,1964-06-14,50.4372,Spa,5.97139,Belgian Grand Prix,3,1964,,https://en.wikipedia.org/wiki/Circuit_de_Spa-Francorchamps
essarts,Rouen-Les-Essarts,France,1964-06-28,49.3306,Rouen,1.00458,French Grand Prix,4,1964,,https://en.wikipedia.org/wiki/Rouen-Les-Essarts
brands_hatch,Brands Hatch,UK,1964-07-11,51.3569,Kent,0.263056,British Grand Prix,5,1964,,https://en.wikipedia.org/wiki/Brands_Hatch
nurburgring,Nürburgring,Germany,1964-08-02,50.3356,Nürburg,6.9475,German Grand Prix,6,1964,,https://en.wikipedia.org/wiki/N%C3%BCrburgring
zeltweg,Zeltweg,Austria,1964-08-23,47.2039,Styria,14.7478,Austrian Grand Prix,7,1964,,https://en.wikipedia.org/wiki/Zeltweg_Air_Base
monza,Autodromo Nazionale di Monza,Italy,1964-09-06,45.6156,Monza,9.28111,Italian Grand Prix,8,1964,,https://en.wikipedia.org/wiki/Monza_Circuit
watkins_glen,Watkins Glen,USA,1964-10-04,42.3369,New York State,-76.9272,United States Grand Prix,9,1964,,https://en.wikipedia.org/wiki/Watkins_Glen_International
rodriguez,Autódromo Hermanos Rodríguez,Mexico,1964-10-25,19.4042,Mexico City,-99.0907,Mexican Grand Prix,10,1964,,https://en.wikipedia.org/wiki/Aut%C3%B3dromo_Hermanos_Rodr%C3%ADguez
george,Prince George Circuit,South Africa,1965-01-01,-33.0486,Eastern Cape Province,27.8736,South African Grand Prix,1,1965,,https://en.wikipedia.org/wiki/Prince_George_Circuit
monaco,Circuit de Monaco,Monaco,1965-05-30,43.7347,Monte Carlo,7.42056,Monaco Grand Prix,2,1965,,https://en.wikipedia.org/wiki/Circuit_de_Monaco
spa,Circuit de Spa-Francorchamps,Belgium,1965-06-13,50.4372,Spa,5.97139,Belgian Grand Prix,3,1965,,https://en.wikipedia.org/wiki/Circuit_de_Spa-Francorchamps
charade,Charade Circuit,France,1965-06-27,45.7472,Clermont-Ferrand,3.03889,French Grand Prix,4,1965,,https://en.wikipedia.org/wiki/Circuit_de_Charade
silverstone,Silverstone Circuit,UK,1965-07-10,52.0786,Silverstone,-1.01694,British Grand Prix,5,1965,,https://en.wikipedia.org/wiki/Silverstone_Circuit
zandvoort,Circuit Park Zandvoort,Netherlands,1965-07-18,52.3888,Zandvoort,4.54092,Dutch Grand Prix,6,1965,,https://en.wikipedia.org/wiki/Circuit_Zandvoort
nurburgring,Nürburgring,Germany,1965-08-01,50.3356,Nürburg,6.9475,German Grand Prix,7,1965,,https://en.wikipedia.org/wiki/N%C3%BCrburgring
monza,Autodromo Nazionale di Monza,Italy,1965-09-12,45.6156,Monza,9.28111,Italian Grand Prix,8,1965,,https://en.wikipedia.org/wiki/Monza_Circuit
watkins_glen,Watkins Glen,USA,1965-10-03,42.3369,New York State,-76.9272,United States Grand Prix,9,1965,,https://en.wikipedia.org/wiki/Watkins_Glen_International
rodriguez,Autódromo Hermanos Rodríguez,Mexico,1965-10-24,19.4042,Mexico City,-99.0907,Mexican Grand Prix,10,1965,,https://en.wikipedia.org/wiki/Aut%C3%B3dromo_Hermanos_Rodr%C3%ADguez
monaco,Circuit de Monaco,Monaco,1966-05-22,43.7347,Monte Carlo,7.42056,Monaco Grand Prix,1,1966,,https://en.wikipedia.org/wiki/Circuit_de_Monaco
spa,Circuit de Spa-Francorchamps,Belgium,1966-06-12,50.4372,Spa,5.97139,Belgian Grand Prix,2,1966,,https://en.wikipedia.org/wiki/Circuit_de_Spa-Francorchamps
reims,Reims-Gueux,France,1966-07-03,49.2542,Reims,3.93083,French Grand Prix,3,1966,,https://en.wikipedia.org/wiki/Reims-Gueux
brands_hatch,Brands Hatch,UK,1966-07-16,51.3569,Kent,0.263056,British Grand Prix,4,1966,,https://en.wikipedia.org/wiki/Brands_Hatch
zandvoort,Circuit Park Zandvoort,Netherlands,1966-07-24,52.3888,Zandvoort,4.54092,Dutch Grand Prix,5,1966,,https://en.wikipedia.org/wiki/Circuit_Zandvoort
nurburgring,Nürburgring,Germany,1966-08-07,50.3356,Nürburg,6.9475,German Grand Prix,6,1966,,https://en.wikipedia.org/wiki/N%C3%BCrburgring
monza,Autodromo Nazionale di Monza,Italy,1966-09-04,45.6156,Monza,9.28111,Italian Grand Prix,7,1966,,https://en.wikipedia.org/wiki/Monza_Circuit
watkins_glen,Watkins Glen,USA,1966-10-02,42.3369,New York State,-76.9272,United States Grand Prix,8,1966,,https://en.wikipedia.org/wiki/Watkins_Glen_International
rodriguez,Autódromo Hermanos Rodríguez,Mexico,1966-10-23,19.4042,Mexico City,-99.0907,Mexican Grand Prix,9,1966,,https://en.wikipedia.org/wiki/Aut%C3%B3dromo_Hermanos_Rodr%C3%ADguez
kyalami,Kyalami,South Africa,1967-01-02,-25.9894,Midrand,28.0767,South African Grand Prix,1,1967,,https://en.wikipedia.org/wiki/Kyalami
monaco,Circuit de Monaco,Monaco,1967-05-07,43.7347,Monte Carlo,7.42056,Monaco Grand Prix,2,1967,,https://en.wikipedia.org/wiki/Circuit_de_Monaco
zandvoort,Circuit Park Zandvoort,Netherlands,1967-06-04,52.3888,Zandvoort,4.54092,Dutch Grand Prix,3,1967,,https://en.wikipedia.org/wiki/Circuit_Zandvoort
spa,Circuit de Spa-Francorchamps,Belgium,1967-06-18,50.4372,Spa,5.97139,Belgian Grand Prix,4,1967,,https://en.wikipedia.org/wiki/Circuit_de_Spa-Francorchamps
lemans,Le Mans,France,1967-07-02,47.95,Le Mans,0.224231,French Grand Prix,5,1967,,https://en.wikipedia.org/wiki/Circuit_de_la_Sarthe#Bugatti_Circuit
silverstone,Silverstone Circuit,UK,1967-07-15,52.0786,Silverstone,-1.01694,British Grand Prix,6,1967,,https://en.wikipedia.org/wiki/Silverstone_Circuit
nurburgring,Nürburgring,Germany,1967-08-06,50.3356,Nürburg,6.9475,German Grand Prix,7,1967,,https://en.wikipedia.org/wiki/N%C3%BCrburgring
mosport,Mosport International Raceway,Canada,1967-08-27,44.0481,Ontario,-78.6756,Canadian Grand Prix,8,1967,,https://en.wikipedia.org/wiki/Canadian_Tire_Motorsport_Park
monza,Autodromo Nazionale di Monza,Italy,1967-09-10,45.6156,Monza,9.28111,Italian Grand Prix,9,1967,,https://en.wikipedia.org/wiki/Monza_Circuit
watkins_glen,Watkins Glen,USA,1967-10-01,42.3369,New York State,-76.9272,United States Grand Prix,10,1967,,https://en.wikipedia.org/wiki/Watkins_Glen_International
rodriguez,Autódromo Hermanos Rodríguez,Mexico,1967-10-22,19.4042,Mexico City,-99.0907,Mexican Grand Prix,11,1967,,https://en.wikipedia.org/wiki/Aut%C3%B3dromo_Hermanos_Rodr%C3%ADguez
kyalami,Kyalami,South Africa,1968-01-01,-25.9894,Midrand,28.0767,South African Grand Prix,1,1968,,https://en.wikipedia.org/wiki/Kyalami
jarama,Jarama,Spain,1968-05-12,40.6171,Madrid,-3.58558,Spanish Grand Prix,2,1968,,https://en.wikipedia.org/wiki/Circuito_del_Jarama
monaco,Circuit de Monaco,Monaco,1968-05-26,43.7347,Monte Carlo,7.42056,Monaco Grand Prix,3,1968,,https://en.wikipedia.org/wiki/Circuit_de_Monaco
spa,Circuit de Spa-Francorchamps,Belgium,1968-06-09,50.4372,Spa,5.97139,Belgian Grand Prix,4,1968,,https://en.wikipedia.org/wiki/Circuit_de_Spa-Francorchamps
zandvoort,Circuit Park Zandvoort,Netherlands,1968-06-23,52.3888,Zandvoort,4.54092,Dutch Grand Prix,5,1968,,https://en.wikipedia.org/wiki/Circuit_Zandvoort
essarts,Rouen-Les-Essarts,France,1968-07-07,49.3306,Rouen,1.00458,French Grand Prix,6,1968,,https://en.wikipedia.org/wiki/Rouen-Les-Essarts
brands_hatch,Brands Hatch,UK,1968-07-20,51.3569,Kent,0.263056,British Grand Prix,7,1968,,https://en.wikipedia.org/wiki/Brands_Hatch
nurburgring,Nürburgring,Germany,1968-08-04,50.3356,Nürburg,6.9475,German Grand Prix,8,1968,,https://en.wikipedia.org/wiki/N%C3%BCrburgring
monza,Autodromo Nazionale di Monza,Italy,1968-09-08,45.6156,Monza,9.28111,Italian Grand Prix,9,1968,,https://en.wikipedia.org/wiki/Monza_Circuit
tremblant,Circuit Mont-Tremblant,Canada,1968-09-22,46.1877,Quebec,-74.6099,Canadian Grand Prix,10,1968,,https://en.wikipedia.org/wiki/Circuit_Mont-Tremblant
watkins_glen,Watkins Glen,USA,1968-10-06,42.3369,New York State,-76.9272,United States Grand Prix,11,1968,,https://en.wikipedia.org/wiki/Watkins_Glen_International
rodriguez,Autódromo Hermanos Rodríguez,Mexico,1968-11-03,19.4042,Mexico City,-99.0907,Mexican Grand Prix,12,1968,,https://en.wikipedia.org/wiki/Aut%C3%B3dromo_Hermanos_Rodr%C3%ADguez
kyalami,Kyalami,South Africa,1969-03-01,-25.9894,Midrand,28.0767,South African Grand Prix,1,1969,,https://en.wikipedia.org/wiki/Kyalami
montjuic,Montjuïc,Spain,1969-05-04,41.3664,Barcelona,2.15167,Spanish Grand Prix,2,1969,,https://en.wikipedia.org/wiki/Montju%C3%AFc_circuit
monaco,Circuit de Monaco,Monaco,1969-05-18,43.7347,Monte Carlo,7.42056,Monaco Grand Prix,3,1969,,https://en.wikipedia.org/wiki/Circuit_de_Monaco
zandvoort,Circuit Park Zandvoort,Netherlands,1969-06-21,52.3888,Zandvoort,4.54092,Dutch Grand Prix,4,1969,,https://en.wikipedia.org/wiki/Circuit_Zandvoort
charade,Charade Circuit,France,1969-07-06,45.7472,Clermont-Ferrand,3.03889,French Grand Prix,5,1969,,https://en.wikipedia.org/wiki/Circuit_de_Charade
silverstone,Silverstone Circuit,UK,1969-07-19,52.0786,Silverstone,-1.01694,British Grand Prix,6,1969,,https://en.wikipedia.org/wiki/Silverstone_Circuit
nurburgring,Nürburgring,Germany,1969-08-03,50.3356,Nürburg,6.9475,German Grand Prix,7,1969,,https://en.wikipedia.org/wiki/N%C3%BCrburgring
monza,Autodromo Nazionale di Monza,Italy,1969-09-07,45.6156,Monza,9.28111,Italian Grand Prix,8,1969,,https://en.wikipedia.org/wiki/Monza_Circuit
mosport,Mosport International Raceway,Canada,1969-09-20,44.0481,Ontario,-78.6756,Canadian Grand Prix,9,1969,,https://en.wikipedia.org/wiki/Canadian_Tire_Motorsport_Park
watkins_glen,Watkins Glen,USA,1969-10-05,42.3369,New York State,-76.9272,United States Grand Prix,10,1969,,https://en.wikipedia.org/wiki/Watkins_Glen_International
rodriguez,Autódromo Hermanos Rodríguez,Mexico,1969-10-19,19.4042,Mexico City,-99.0907,Mexican Grand Prix,11,1969,,https://en.wikipedia.org/wiki/Aut%C3%B3dromo_Hermanos_Rodr%C3%ADguez
kyalami,Kyalami,South Africa,1970-03-07,-25.9894,Midrand,28.0767,South African Grand Prix,1,1970,,https://en.wikipedia.org/wiki/Kyalami
jarama,Jarama,Spain,1970-04-19,40.6171,Madrid,-3.58558,Spanish Grand Prix,2,1970,,https://en.wikipedia.org/wiki/Circuito_del_Jarama
monaco,Circuit de Monaco,Monaco,1970-05-10,43.7347,Monte Carlo,7.42056,Monaco Grand Prix,3,1970,,https://en.wikipedia.org/wiki/Circuit_de_Monaco
spa,Circuit de Spa-Francorchamps,Belgium,1970-06-07,50.4372,Spa,5.97139,Belgian Grand Prix,4,1970,,https://en.wikipedia.org/wiki/Circuit_de_Spa-Francorchamps
zandvoort,Circuit Park Zandvoort,Netherlands,1970-06-21,52.3888,Zandvoort,4.54092,Dutch Grand Prix,5,1970,,https://en.wikipedia.org/wiki/Circuit_Zandvoort
charade,Charade Circuit,France,1970-07-05,45.7472,Clermont-Ferrand,3.03889,French Grand Prix,6,1970,,https://en.wikipedia.org/wiki/Circuit_de_Charade
brands_hatch,Brands Hatch,UK,1970-07-18,51.3569,Kent,0.263056,British Grand Prix,7,1970,,https://en.wikipedia.org/wiki/Brands_Hatch
hockenheimring,Hockenheimring,Germany,1970-08-02,49.3278,Hockenheim,8.56583,German Grand Prix,8,1970,,https://en.wikipedia.org/wiki/Hockenheimring
red_bull_ring,Red Bull Ring,Austria,1970-08-16,47.2197,Spielberg,14.7647,Austrian Grand Prix,9,1970,,https://en.wikipedia.org/wiki/Red_Bull_Ring
monza,Autodromo Nazionale di Monza,Italy,1970-09-06,45.6156,Monza,9.28111,Italian Grand Prix,10,1970,,https://en.wikipedia.org/wiki/Monza_Circuit
tremblant,Circuit Mont-Tremblant,Canada,1970-09-20,46.1877,Quebec,-74.6099,Canadian Grand Prix,11,1970,,https://en.wikipedia.org/wiki/Circuit_Mont-Tremblant
watkins_glen,Watkins Glen,USA,1970-10-04,42.3369,New York State,-76.9272,United States Grand Prix,12,1970,,https://en.wikipedia.org/wiki/Watkins_Glen_International
rodriguez,Autódromo Hermanos Rodríguez,Mexico,1970-10-25,19.4042,Mexico City,-99.0907,Mexican Grand Prix,13,1970,,https://en.wikipedia.org/wiki/Aut%C3%B3dromo_Hermanos_Rodr%C3%ADguez
kyalami,Kyalami,South Africa,1971-03-06,-25.9894,Midrand,28.0767,South African Grand Prix,1,1971,,https://en.wikipedia.org/wiki/Kyalami
montjuic,Montjuïc,Spain,1971-04-18,41.3664,Barcelona,2.15167,Spanish Grand Prix,2,1971,,https://en.wikipedia.org/wiki/Montju%C3%AFc_circuit
monaco,Circuit de Monaco,Monaco,1971-05-23,43.7347,Monte Carlo,7.42056,Monaco Grand Prix,3,1971,,https://en.wikipedia.org/wiki/Circuit_de_Monaco
zandvoort,Circuit Park Zandvoort,Netherlands,1971-06-20,52.3888,Zandvoort,4.54092,Dutch Grand Prix,4,1971,,https://en.wikipedia.org/wiki/Circuit_Zandvoort
ricard,Circuit Paul Ricard,France,1971-07-04,43.2506,Le Castellet,5.79167,French Grand Prix,5,1971,,https://en.wikipedia.org/wiki/Circuit_Paul_Ricard
silverstone,Silverstone Circuit,UK,1971-07-17,52.0786,Silverstone,-1.01694,British Grand Prix,6,1971,,https://en.wikipedia.org/wiki/Silverstone_Circuit
nurburgring,Nürburgring,Germany,1971-08-01,50.3356,Nürburg,6.9475,German Grand Prix,7,1971,,https://en.wikipedia.org/wiki/N%C3%BCrburgring
red_bull_ring,Red Bull Ring,Austria,1971-08-15,47.2197,Spielberg,14.7647,Austrian Grand Prix,8,1971,,https://en.wikipedia.org/wiki/Red_Bull_Ring
monza,Autodromo Nazionale di Monza,Italy,1971-09-05,45.6156,Monza,9.28111,Italian Grand Prix,9,1971,,https://en.wikipedia.org/wiki/Monza_Circuit
mosport,Mosport International Raceway,Canada,1971-09-19,44.0481,Ontario,-78.6756,Canadian Grand Prix,10,1971,,https://en.wikipedia.org/wiki/Canadian_Tire_Motorsport_Park
watkins_glen,Watkins Glen,USA,1971-10-03,42.3369,New York State,-76.9272,United States Grand Prix,11,1971,,https://en.wikipedia.org/wiki/Watkins_Glen_International
galvez,Autódromo Juan y Oscar Gálvez,Argentina,1972-01-23,-34.6943,Buenos Aires,-58.4593,Argentine Grand Prix,1,1972,,https://en.wikipedia.org/wiki/Autódromo_Oscar_y_Juan_Gálvez
kyalami,Kyalami,South Africa,1972-03-04,-25.9894,Midrand,28.0767,South African Grand Prix,2,1972,,https://en.wikipedia.org/wiki/Kyalami
jarama,Jarama,Spain,1972-05-01,40.6171,Madrid,-3.58558,Spanish Grand Prix,3,1972,,https://en.wikipedia.org/wiki/Circuito_del_Jarama
monaco,Circuit de Monaco,Monaco,1972-05-14,43.7347,Monte Carlo,7.42056,Monaco Grand Prix,4,1972,,https://en.wikipedia.org/wiki/Circuit_de_Monaco
nivelles,Nivelles-Baulers,Belgium,1972-06-04,50.6211,Brussels,4.32694,Belgian Grand Prix,5,1972,,https://en.wikipedia.org/wiki/Nivelles-Baulers
charade,Charade Circuit,France,1972-07-02,45.7472,Clermont-Ferrand,3.03889,French Grand Prix,6,1972,,https://en.wikipedia.org/wiki/Circuit_de_Charade
brands_hatch,Brands Hatch,UK,1972-07-15,51.3569,Kent,0.263056,British Grand Prix,7,1972,,https://en.wikipedia.org/wiki/Brands_Hatch
nurburgring,Nürburgring,Germany,1972-07-30,50.3356,Nürburg,6.9475,German Grand Prix,8,1972,,https://en.wikipedia.org/wiki/N%C3%BCrburgring
red_bull_ring,Red Bull Ring,Austria,1972-08-13,47.2197,Spielberg,14.7647,Austrian Grand Prix,9,1972,,https://en.wikipedia.org/wiki/Red_Bull_Ring
monza,Autodromo Nazionale di Monza,Italy,1972-09-10,45.6156,Monza,9.28111,Italian Grand Prix,10,1972,,https://en.wikipedia.org/wiki/Monza_Circuit
mosport,Mosport International Raceway,Canada,1972-09-24,44.0481,Ontario,-78.6756,Canadian Grand Prix,11,1972,,https://en.wikipedia.org/wiki/Canadian_Tire_Motorsport_Park
watkins_glen,Watkins Glen,USA,1972-10-08,42.3369,New York State,-76.9272,United States Grand Prix,12,1972,,https://en.wikipedia.org/wiki/Watkins_Glen_International
galvez,Autódromo Juan y Oscar Gálvez,Argentina,1973-01-28,-34.6943,Buenos Aires,-58.4593,Argentine Grand Prix,1,1973,,https://en.wikipedia.org/wiki/Autódromo_Oscar_y_Juan_Gálvez
interlagos,Autódromo José Carlos Pace,Brazil,1973-02-11,-23.7036,São Paulo,-46.6997,Brazilian Grand Prix,2,1973,,https://en.wikipedia.org/wiki/Interlagos_Circuit
kyalami,Kyalami,South Africa,1973-03-03,-25.9894,Midrand,28.0767,South African Grand Prix,3,1973,,https://en.wikipedia.org/wiki/Kyalami
montjuic,Montjuïc,Spain,1973-04-29,41.3664,Barcelona,2.15167,Spanish Grand Prix,4,1973,,https://en.wikipedia.org/wiki/Montju%C3%AFc_circuit
zolder,Zolder,Belgium,1973-05-20,50.9894,Heusden-Zolder,5.25694,Belgian Grand Prix,5,1973,,https://en.wikipedia.org/wiki/Circuit_Zolder
monaco,Circuit de Monaco,Monaco,1973-06-03,43.7347,Monte Carlo,7.42056,Monaco Grand Prix,6,1973,,https://en.wikipedia.org/wiki/Circuit_de_Monaco
anderstorp,Scandinavian Raceway,Sweden,1973-06-17,57.2653,Anderstorp,13.6042,Swedish Grand Prix,7,1973,,https://en.wikipedia.org/wiki/Anderstorp_Raceway
ricard,Circuit Paul Ricard,France,1973-07-01,43.2506,Le Castellet,5.79167,French Grand Prix,8,1973,,https://en.wikipedia.org/wiki/Circuit_Paul_Ricard
silverstone,Silverstone Circuit,UK,1973-07-14,52.0786,Silverstone,-1.01694,British Grand Prix,9,1973,,https://en.wikipedia.org/wiki/Silverstone_Circuit
zandvoort,Circuit Park Zandvoort,Netherlands,1973-07-29,52.3888,Zandvoort,4.54092,Dutch Grand Prix,10,1973,,https://en.wikipedia.org/wiki/Circuit_Zandvoort
nurburgring,Nürburgring,Germany,1973-08-05,50.3356,Nürburg,6.9475,German Grand Prix,11,1973,,https://en.wikipedia.org/wiki/N%C3%BCrburgring
red_bull_ring,Red Bull Ring,Austria,1973-08-19,47.2197,Spielberg,14.7647,Austrian Grand Prix,12,1973,,https://en.wikipedia.org/wiki/Red_Bull_Ring
monza,Autodromo Nazionale di Monza,Italy,1973-09-09,45.6156,Monza,9.28111,Italian Grand Prix,13,1973,,https://en.wikipedia.org/wiki/Monza_Circuit
mosport,Mosport International Raceway,Canada,1973-09-23,44.0481,Ontario,-78.6756,Canadian Grand Prix,14,1973,,https://en.wikipedia.org/wiki/Canadian_Tire_Motorsport_Park
watkins_glen,Watkins Glen,USA,1973-10-07,42.3369,New York State,-76.9272,United States Grand Prix,15,1973,,https://en.wikipedia.org/wiki/Watkins_Glen_International
galvez,Autódromo Juan y Oscar Gálvez,Argentina,1974-01-13,-34.6943,Buenos Aires,-58.4593,Argentine Grand Prix,1,1974,,https://en.wikipedia.org/wiki/Autódromo_Oscar_y_Juan_Gálvez
interlagos,Autódromo José Carlos Pace,Brazil,1974-01-27,-23.7036,São Paulo,-46.6997,Brazilian Grand Prix,2,1974,,https://en.wikipedia.org/wiki/Interlagos_Circuit
kyalami,Kyalami,South Africa,1974-03-30,-25.9894,Midrand,28.0767,South African Grand Prix,3,1974,,https://en.wikipedia.org/wiki/Kyalami
jarama,Jarama,Spain,1974-04-28,40.6171,Madrid,-3.58558,Spanish Grand Prix,4,1974,,https://en.wikipedia.org/wiki/Circuito_del_Jarama
nivelles,Nivelles-Baulers,Belgium,1974-05-12,50.6211,Brussels,4.32694,Belgian Grand Prix,5,1974,,https://en.wikipedia.org/wiki/Nivelles-Baulers
monaco,Circuit de Monaco,Monaco,1974-05-26,43.7347,Monte Carlo,7.42056,Monaco Grand Prix,6,1974,,https://en.wikipedia.org/wiki/Circuit_de_Monaco
anderstorp,Scandinavian Raceway,Sweden,1974-06-09,57.2653,Anderstorp,13.6042,Swedish Grand Prix,7,1974,,https://en.wikipedia.org/wiki/Anderstorp_Raceway
zandvoort,Circuit Park Zandvoort,Netherlands,1974-06-23,52.3888,Zandvoort,4.54092,Dutch Grand Prix,8,1974,,https://en.wikipedia.org/wiki/Circuit_Zandvoort
dijon,Dijon-Prenois,France,1974-07-07,47.3625,Dijon,4.89913,French Grand Prix,9,1974,,https://en.wikipedia.org/wiki/Dijon-Prenois
brands_hatch,Brands Hatch,UK,1974-07-20,51.3569,Kent,0.263056,British Grand Prix,10,1974,,https://en.wikipedia.org/wiki/Brands_Hatch
nurburgring,Nürburgring,Germany,1974-08-04,50.3356,Nürburg,6.9475,German Grand Prix,11,1974,,https://en.wikipedia.org/wiki/N%C3%BCrburgring
red_bull_ring,Red Bull Ring,Austria,1974-08-18,47.2197,Spielberg,14.7647,Austrian Grand Prix,12,1974,,https://en.wikipedia.org/wiki/Red_Bull_Ring
monza,Autodromo Nazionale di Monza,Italy,1974-09-08,45.6156,Monza,9.28111,Italian Grand Prix,13,1974,,https://en.wikipedia.org/wiki/Monza_Circuit
mosport,Mosport International Raceway,Canada,1974-09-22,44.0481,Ontario,-78.6756,Canadian Grand Prix,14,1974,,https://en.wikipedia.org/wiki/Canadian_Tire_Motorsport_Park
watkins_glen,Watkins Glen,USA,1974-10-06,42.3369,New York State,-76.9272,United States Grand Prix,15,1974,,https://en.wikipedia.org/wiki/Watkins_Glen_International
galvez,Autódromo Juan y Oscar Gálvez,Argentina,1975-01-12,-34.6943,Buenos Aires,-58.4593,Argentine Grand Prix,1,1975,,https://en.wikipedia.org/wiki/Autódromo_Oscar_y_Juan_Gálvez
interlagos,Autódromo José Carlos Pace,Brazil,1975-01-26,-23.7036,São Paulo,-46.6997,Brazilian Grand Prix,2,1975,,https://en.wikipedia.org/wiki/Interlagos_Circuit
kyalami,Kyalami,South Africa,1975-03-01,-25.9894,Midrand,28.0767,South African Grand Prix,3,1975,,https://en.wikipedia.org/wiki/Kyalami
montjuic,Montjuïc,Spain,1975-04-27,41.3664,Barcelona,2.15167,Spanish Grand Prix,4,1975,,https://en.wikipedia.org/wiki/Montju%C3%AFc_circuit
monaco,Circuit de Monaco,Monaco,1975-05-11,43.7347,Monte Carlo,7.42056,Monaco Grand Prix,5,1975,,https://en.wikipedia.org/wiki/Circuit_de_Monaco
zolder,Zolder,Belgium,1975-05-25,50.9894,Heusden-Zolder,5.25694,Belgian Grand Prix,6,1975,,https://en.wikipedia.org/wiki/Circuit_Zolder
anderstorp,Scandinavian Raceway,Sweden,1975-06-08,57.2653,Anderstorp,13.6042,Swedish Grand Prix,7,1975,,https://en.wikipedia.org/wiki/Anderstorp_Raceway
zandvoort,Circuit Park Zandvoort,Netherlands,1975-06-22,52.3888,Zandvoort,4.54092,Dutch Grand Prix,8,1975,,https://en.wikipedia.org/wiki/Circuit_Zandvoort
ricard,Circuit Paul Ricard,France,1975-07-06,43.2506,Le Castellet,5.79167,French Grand Prix,9,1975,,https://en.wikipedia.org/wiki/Circuit_Paul_Ricard
silverstone,Silverstone Circuit,UK,1975-07-19,52.0786,Silverstone,-1.01694,British Grand Prix,10,1975,,https://en.wikipedia.org/wiki/Silverstone_Circuit
nurburgring,Nürburgring,Germany,1975-08-03,50.3356,Nürburg,6.9475,German Grand Prix,11,1975,,https://en.wikipedia.org/wiki/N%C3%BCrburgring
red_bull_ring,Red Bull Ring,Austria,1975-08-17,47.2197,Spielberg,14.7647,Austrian Grand Prix,12,1975,,https://en.wikipedia.org/wiki/Red_Bull_Ring
monza,Autodromo Nazionale di Monza,Italy,1975-09-07,45.6156,Monza,9.28111,Italian Grand Prix,13,1975,,https://en.wikipedia.org/wiki/Monza_Circuit
watkins_glen,Watkins Glen,USA,1975-10-05,42.3369,New York State,-76.9272,United States Grand Prix,14,1975,,https://en.wikipedia.org/wiki/Watkins_Glen_International
interlagos,Autódromo José Carlos Pace,Brazil,1976-01-25,-23.7036,São Paulo,-46.6997,Brazilian Grand Prix,1,1976,,https://en.wikipedia.org/wiki/Interlagos_Circuit
kyalami,Kyalami,South Africa,1976-03-06,-25.9894,Midrand,28.0767,South African Grand Prix,2,1976,,https://en.wikipedia.org/wiki/Kyalami
long_beach,Long Beach,USA,1976-03-28,33.7651,California,-118.189,United States Grand Prix West,3,1976,,"https://en.wikipedia.org/wiki/Long_Beach,_California"
jarama,Jarama,Spain,1976-05-02,40.6171,Madrid,-3.58558,Spanish Grand Prix,4,1976,,https://en.wikipedia.org/wiki/Circuito_del_Jarama
zolder,Zolder,Belgium,1976-05-16,50.9894,Heusden-Zolder,5.25694,Belgian Grand Prix,5,1976,,https://en.wikipedia.org/wiki/Circuit_Zolder
monaco,Circuit de Monaco,Monaco,1976-05-30,43.7347,Monte Carlo,7.42056,Monaco Grand Prix,6,1976,,https://en.wikipedia.org/wiki/Circuit_de_Monaco
anderstorp,Scandinavian Raceway,Sweden,1976-06-13,57.2653,Anderstorp,13.6042,Swedish Grand Prix,7,1976,,https://en.wikipedia.org/wiki/Anderstorp_Raceway
ricard,Circuit Paul Ricard,France,1976-07-04,43.2506,Le Castellet,5.79167,French Grand Prix,8,1976,,https://en.wikipedia.org/wiki/Circuit_Paul_Ricard
brands_hatch,Brands Hatch,UK,1976-07-18,51.3569,Kent,0.263056,British Grand Prix,9,1976,,https://en.wikipedia.org/wiki/Brands_Hatch
nurburgring,Nürburgring,Germany,1976-08-01,50.3356,Nürburg,6.9475,German Grand Prix,10,1976,,https://en.wikipedia.org/wiki/N%C3%BCrburgring
red_bull_ring,Red Bull Ring,Austria,1976-08-15,47.2197,Spielberg,14.7647,Austrian Grand Prix,11,1976,,https://en.wikipedia.org/wiki/Red_Bull_Ring
zandvoort,Circuit Park Zandvoort,Netherlands,1976-08-29,52.3888,Zandvoort,4.54092,Dutch Grand Prix,12,1976,,https://en.wikipedia.org/wiki/Circuit_Zandvoort
monza,Autodromo Nazionale di Monza,Italy,1976-09-12,45.6156,Monza,9.28111,Italian Grand Prix,13,1976,,https://en.wikipedia.org/wiki/Monza_Circuit
mosport,Mosport International Raceway,Canada,1976-10-03,44.0481,Ontario,-78.6756,Canadian Grand Prix,14,1976,,https://en.wikipedia.org/wiki/Canadian_Tire_Motorsport_Park
watkins_glen,Watkins Glen,USA,1976-10-10,42.3369,New York State,-76.9272,United States Grand Prix,15,1976,,https://en.wikipedia.org/wiki/Watkins_Glen_International
fuji,Fuji Speedway,Japan,1976-10-24,35.3717,Oyama,138.927,Japanese Grand Prix,16,1976,,https://en.wikipedia.org/wiki/Fuji_Speedway
galvez,Autódromo Juan y Oscar Gálvez,Argentina,1977-01-09,-34.6943,Buenos Aires,-58.4593,Argentine Grand Prix,1,1977,,https://en.wikipedia.org/wiki/Autódromo_Oscar_y_Juan_Gálvez
interlagos,Autódromo José Carlos Pace,Brazil,1977-01-23,-23.7036,São Paulo,-46.6997,Brazilian Grand Prix,2,1977,,https://en.wikipedia.org/wiki/Interlagos_Circuit
kyalami,Kyalami,South Africa,1977-03-05,-25.9894,Midrand,28.0767,South African Grand Prix,3,1977,,https://en.wikipedia.org/wiki/Kyalami
long_beach,Long Beach,USA,1977-04-03,33.7651,California,-118.189,United States Grand Prix West,4,1977,,"https://en.wikipedia.org/wiki/Long_Beach,_California"
jarama,Jarama,Spain,1977-05-08,40.6171,Madrid,-3.58558,Spanish Grand Prix,5,1977,,https://en.wikipedia.org/wiki/Circuito_del_Jarama
monaco,Circuit de Monaco,Monaco,1977-05-22,43.7347,Monte Carlo,7.42056,Monaco Grand Prix,6,1977,,https://en.wikipedia.org/wiki/Circuit_de_Monaco
zolder,Zolder,Belgium,1977-06-05,50.9894,Heusden-Zolder,5.25694,Belgian Grand Prix,7,1977,,https://en.wikipedia.org/wiki/Circuit_Zolder
anderstorp,Scandinavian Raceway,Sweden,1977-06-19,57.2653,Anderstorp,13.6042,Swedish Grand Prix,8,1977,,https://en.wikipedia.org/wiki/Anderstorp_Raceway
dijon,Dijon-Prenois,France,1977-07-03,47.3625,Dijon,4.89913,French Grand Prix,9,1977,,https://en.wikipedia.org/wiki/Dijon-Prenois
silverstone,Silverstone Circuit,UK,1977-07-16,52.0786,Silverstone,-1.01694,British Grand Prix,10,1977,,https://en.wikipedia.org/wiki/Silverstone_Circuit
hockenheimring,Hockenheimring,Germany,1977-07-31,49.3278,Hockenheim,8.56583,German Grand Prix,11,1977,,https://en.wikipedia.org/wiki/Hockenheimring
red_bull_ring,Red Bull Ring,Austria,1977-08-14,47.2197,Spielberg,14.7647,Austrian Grand Prix,12,1977,,https://en.wikipedia.org/wiki/Red_Bull_Ring
zandvoort,Circuit Park Zandvoort,Netherlands,1977-08-28,52.3888,Zandvoort,4.54092,Dutch Grand Prix,13,1977,,https://en.wikipedia.org/wiki/Circuit_Zandvoort
monza,Autodromo Nazionale di Monza,Italy,1977-09-11,45.6156,Monza,9.28111,Italian Grand Prix,14,1977,,https://en.wikipedia.org/wiki/Monza_Circuit
watkins_glen,Watkins Glen,USA,1977-10-02,42.3369,New York State,-76.9272,United States Grand Prix,15,1977,,https://en.wikipedia.org/wiki/Watkins_Glen_International
mosport,Mosport International Raceway,Canada,1977-10-09,44.0481,Ontario,-78.6756,Canadian Grand Prix,16,1977,,https://en.wikipedia.org/wiki/Canadian_Tire_Motorsport_Park
fuji,Fuji Speedway,Japan,1977-10-23,35.3717,Oyama,138.927,Japanese Grand Prix,17,1977,,https://en.wikipedia.org/wiki/Fuji_Speedway
galvez,Autódromo Juan y Oscar Gálvez,Argentina,1978-01-15,-34.6943,Buenos Aires,-58.4593,Argentine Grand Prix,1,1978,,https://en.wikipedia.org/wiki/Autódromo_Oscar_y_Juan_Gálvez
jacarepagua,Autódromo Internacional Nelson Piquet,Brazil,1978-01-29,-22.9756,Rio de Janeiro,-43.395,Brazilian Grand Prix,2,1978,,https://en.wikipedia.org/wiki/Aut%C3%B3dromo_Internacional_Nelson_Piquet
kyalami,Kyalami,South Africa,1978-03-04,-25.9894,Midrand,28.0767,South African Grand Prix,3,1978,,https://en.wikipedia.org/wiki/Kyalami
long_beach,Long Beach,USA,1978-04-02,33.7651,California,-118.189,United States Grand Prix West,4,1978,,"https://en.wikipedia.org/wiki/Long_Beach,_California"
monaco,Circuit de Monaco,Monaco,1978-05-07,43.7347,Monte Carlo,7.42056,Monaco Grand Prix,5,1978,,https://en.wikipedia.org/wiki/Circuit_de_Monaco
zolder,Zolder,Belgium,1978-05-21,50.9894,Heusden-Zolder,5.25694,Belgian Grand Prix,6,1978,,https://en.wikipedia.org/wiki/Circuit_Zolder
jarama,Jarama,Spain,1978-06-04,40.6171,Madrid,-3.58558,Spanish Grand Prix,7,1978,,https://en.wikipedia.org/wiki/Circuito_del_Jarama
anderstorp,Scandinavian Raceway,Sweden,1978-06-17,57.2653,Anderstorp,13.6042,Swedish Grand Prix,8,1978,,https://en.wikipedia.org/wiki/Anderstorp_Raceway
ricard,Circuit Paul Ricard,France,1978-07-02,43.2506,Le Castellet,5.79167,French Grand Prix,9,1978,,https://en.wikipedia.org/wiki/Circuit_Paul_Ricard
brands_hatch,Brands Hatch,UK,1978-07-16,51.3569,Kent,0.263056,British Grand Prix,10,1978,,https://en.wikipedia.org/wiki/Brands_Hatch
hockenheimring,Hockenheimring,Germany,1978-07-30,49.3278,Hockenheim,8.56583,German Grand Prix,11,1978,,https://en.wikipedia.org/wiki/Hockenheimring
red_bull_ring,Red Bull Ring,Austria,1978-08-13,47.2197,Spielberg,14.7647,Austrian Grand Prix,12,1978,,https://en.wikipedia.org/wiki/Red_Bull_Ring
zandvoort,Circuit Park Zandvoort,Netherlands,1978-08-27,52.3888,Zandvoort,4.54092,Dutch Grand Prix,13,1978,,https://en.wikipedia.org/wiki/Circuit_Zandvoort
monza,Autodromo Nazionale di Monza,Italy,1978-09-10,45.6156,Monza,9.28111,Italian Grand Prix,14,1978,,https://en.wikipedia.org/wiki/Monza_Circuit
watkins_glen,Watkins Glen,USA,1978-10-01,42.3369,New York State,-76.9272,United States Grand Prix,15,1978,,https://en.wikipedia.org/wiki/Watkins_Glen_International
villeneuve,Circuit Gilles Villeneuve,Canada,1978-10-08,45.5,Montreal,-73.5228,Canadian Grand Prix,16,1978,,https://en.wikipedia.org/wiki/Circuit_Gilles_Villeneuve
galvez,Autódromo Juan y Oscar Gálvez,Argentina,1979-01-21,-34.6943,Buenos Aires,-58.4593,Argentine Grand Prix,1,1979,,https://en.wikipedia.org/wiki/Autódromo_Oscar_y_Juan_Gálvez
interlagos,Autódromo José Carlos Pace,Brazil,1979-02-04,-23.7036,São Paulo,-46.6997,Brazilian Grand Prix,2,1979,,https://en.wikipedia.org/wiki/Interlagos_Circuit
kyalami,Kyalami,South Africa,1979-03-03,-25.9894,Midrand,28.0767,South African Grand Prix,3,1979,,https://en.wikipedia.org/wiki/Kyalami
long_beach,Long Beach,USA,1979-04-08,33.7651,California,-118.189,United States Grand Prix West,4,1979,,"https://en.wikipedia.org/wiki/Long_Beach,_California"
jarama,Jarama,Spain,1979-04-29,40.6171,Madrid,-3.58558,Spanish Grand Prix,5,1979,,https://en.wikipedia.org/wiki/Circuito_del_Jarama
zolder,Zolder,Belgium,1979-05-13,50.9894,Heusden-Zolder,5.25694,Belgian Grand Prix,6,1979,,https://en.wikipedia.org/wiki/Circuit_Zolder
monaco,Circuit de Monaco,Monaco,1979-05-27,43.7347,Monte Carlo,7.42056,Monaco Grand Prix,7,1979,,https://en.wikipedia.org/wiki/Circuit_de_Monaco
dijon,Dijon-Prenois,France,1979-07-01,47.3625,Dijon,4.89913,French Grand Prix,8,1979,,https://en.wikipedia.org/wiki/Dijon-Prenois
silverstone,Silverstone Circuit,UK,1979-07-14,52.0786,Silverstone,-1.01694,British Grand Prix,9,1979,,https://en.wikipedia.org/wiki/Silverstone_Circuit
hockenheimring,Hockenheimring,Germany,1979-07-29,49.3278,Hockenheim,8.56583,German Grand Prix,10,1979,,https://en.wikipedia.org/wiki/Hockenheimring
red_bull_ring,Red Bull Ring,Austria,1979-08-12,47.2197,Spielberg,14.7647,Austrian Grand Prix,11,1979,,https://en.wikipedia.org/wiki/Red_Bull_Ring
zandvoort,Circuit Park Zandvoort,Netherlands,1979-08-26,52.3888,Zandvoort,4.54092,Dutch Grand Prix,12,1979,,https://en.wikipedia.org/wiki/Circuit_Zandvoort
monza,Autodromo Nazionale di Monza,Italy,1979-09-09,45.6156,Monza,9.28111,Italian Grand Prix,13,1979,,https://en.wikipedia.org/wiki/Monza_Circuit
villeneuve,Circuit Gilles Villeneuve,Canada,1979-09-30,45.5,Montreal,-73.5228,Canadian Grand Prix,14,1979,,https://en.wikipedia.org/wiki/Circuit_Gilles_Villeneuve
watkins_glen,Watkins Glen,USA,1979-10-07,42.3369,New York State,-76.9272,United States Grand Prix,15,1979,,https://en.wikipedia.org/wiki/Watkins_Glen_International
galvez,Autódromo Juan y Oscar Gálvez,Argentina,1980-01-13,-34.6943,Buenos Aires,-58.4593,Argentine Grand Prix,1,1980,,https://en.wikipedia.org/wiki/Autódromo_Oscar_y_Juan_Gálvez
interlagos,Autódromo José Carlos Pace,Brazil,1980-01-27,-23.7036,São Paulo,-46.6997,Brazilian Grand Prix,2,1980,,https://en.wikipedia.org/wiki/Interlagos_Circuit
kyalami,Kyalami,South Africa,1980-03-01,-25.9894,Midrand,28.0767,South African Grand Prix,3,1980,,https://en.wikipedia.org/wiki/Kyalami
long_beach,Long Beach,USA,1980-03-30,33.7651,California,-118.189,United States Grand Prix West,4,1980,,"https://en.wikipedia.org/wiki/Long_Beach,_California"
zolder,Zolder,Belgium,1980-05-04,50.9894,Heusden-Zolder,5.25694,Belgian Grand Prix,5,1980,,https://en.wikipedia.org/wiki/Circuit_Zolder
monaco,Circuit de Monaco,Monaco,1980-05-18,43.7347,Monte Carlo,7.42056,Monaco Grand Prix,6,1980,,https://en.wikipedia.org/wiki/Circuit_de_Monaco
ricard,Circuit Paul Ricard,France,1980-06-29,43.2506,Le Castellet,5.79167,French Grand Prix,7,1980,,https://en.wikipedia.org/wiki/Circuit_Paul_Ricard
brands_hatch,Brands Hatch,UK,1980-07-13,51.3569,Kent,0.263056,British Grand Prix,8,1980,,https://en.wikipedia.org/wiki/Brands_Hatch
hockenheimring,Hockenheimring,Germany,1980-08-10,49.3278,Hockenheim,8.56583,German Grand Prix,9,1980,,https://en.wikipedia.org/wiki/Hockenheimring
red_bull_ring,Red Bull Ring,Austria,1980-08-17,47.2197,Spielberg,14.7647,Austrian Grand Prix,10,1980,,https://en.wikipedia.org/wiki/Red_Bull_Ring
zandvoort,Circuit Park Zandvoort,Netherlands,1980-08-31,52.3888,Zandvoort,4.54092,Dutch Grand Prix,11,1980,,https://en.wikipedia.org/wiki/Circuit_Zandvoort
imola,Autodromo Enzo e Dino Ferrari,Italy,1980-09-14,44.3439,Imola,11.7167,Italian Grand Prix,12,1980,,https://en.wikipedia.org/wiki/Imola_Circuit
villeneuve,Circuit Gilles Villeneuve,Canada,1980-09-28,45.5,Montreal,-73.5228,Canadian Grand Prix,13,1980,,https://en.wikipedia.org/wiki/Circuit_Gilles_Villeneuve
watkins_glen,Watkins Glen,USA,1980-10-05,42.3369,New York State,-76.9272,United States Grand Prix,14,1980,,https://en.wikipedia.org/wiki/Watkins_Glen_International
long_beach,Long Beach,USA,1981-03-15,33.7651,California,-118.189,United States Grand Prix West,1,1981,,"https://en.wikipedia.org/wiki/Long_Beach,_California"
jacarepagua,Autódromo Internacional Nelson Piquet,Brazil,1981-03-29,-22.9756,Rio de Janeiro,-43.395,Brazilian Grand Prix,2,1981,,https://en.wikipedia.org/wiki/Aut%C3%B3dromo_Internacional_Nelson_Piquet
galvez,Autódromo Juan y Oscar Gálvez,Argentina,1981-04-12,-34.6943,Buenos Aires,-58.4593,Argentine Grand Prix,3,1981,,https://en.wikipedia.org/wiki/Autódromo_Oscar_y_Juan_Gálvez
imola,Autodromo Enzo e Dino Ferrari,Italy,1981-05-03,44.3439,Imola,11.7167,San Marino Grand Prix,4,1981,,https://en.wikipedia.org/wiki/Imola_Circuit
zolder,Zolder,Belgium,1981-05-17,50.9894,Heusden-Zolder,5.25694,Belgian Grand Prix,5,1981,,https://en.wikipedia.org/wiki/Circuit_Zolder
monaco,Circuit de Monaco,Monaco,1981-05-31,43.7347,Monte Carlo,7.42056,Monaco Grand Prix,6,1981,,https://en.wikipedia.org/wiki/Circuit_de_Monaco
jarama,Jarama,Spain,1981-06-21,40.6171,Madrid,-3.58558,Spanish Grand Prix,7,1981,,https://en.wikipedia.org/wiki/Circuito_del_Jarama
dijon,Dijon-Prenois,France,1981-07-05,47.3625,Dijon,4.89913,French Grand Prix,8,1981,,https://en.wikipedia.org/wiki/Dijon-Prenois
silverstone,Silverstone Circuit,UK,1981-07-18,52.0786,Silverstone,-1.01694,British Grand Prix,9,1981,,https://en.wikipedia.org/wiki/Silverstone_Circuit
hockenheimring,Hockenheimring,Germany,1981-08-02,49.3278,Hockenheim,8.56583,German Grand Prix,10,1981,,https://en.wikipedia.org/wiki/Hockenheimring
red_bull_ring,Red Bull Ring,Austria,1981-08-16,47.2197,Spielberg,14.7647,Austrian Grand Prix,11,1981,,https://en.wikipedia.org/wiki/Red_Bull_Ring
zandvoort,Circuit Park Zandvoort,Netherlands,1981-08-30,52.3888,Zandvoort,4.54092,Dutch Grand Prix,12,1981,,https://en.wikipedia.org/wiki/Circuit_Zandvoort
monza,Autodromo Nazionale di Monza,Italy,1981-09-13,45.6156,Monza,9.28111,Italian Grand Prix,13,1981,,https://en.wikipedia.org/wiki/Monza_Circuit
villeneuve,Circuit Gilles Villeneuve,Canada,1981-09-27,45.5,Montreal,-73.5228,Canadian Grand Prix,14,1981,,https://en.wikipedia.org/wiki/Circuit_Gilles_Villeneuve
las_vegas,Las Vegas Street Circuit,USA,1981-10-17,36.1162,Nevada,-115.174,Caesars Palace Grand Prix,15,1981,,https://en.wikipedia.org/wiki/Las_Vegas_Strip_Circuit
kyalami,Kyalami,South Africa,1982-01-23,-25.9894,Midrand,28.0767,South African Grand Prix,1,1982,,https://en.wikipedia.org/wiki/Kyalami
jacarepagua,Autódromo Internacional Nelson Piquet,Brazil,1982-03-21,-22.9756,Rio de Janeiro,-43.395,Brazilian Grand Prix,2,1982,,https://en.wikipedia.org/wiki/Aut%C3%B3dromo_Internacional_Nelson_Piquet
long_beach,Long Beach,USA,1982-04-04,33.7651,California,-118.189,United States Grand Prix West,3,1982,,"https://en.wikipedia.org/wiki/Long_Beach,_California"
imola,Autodromo Enzo e Dino Ferrari,Italy,1982-04-25,44.3439,Imola,11.7167,San Marino Grand Prix,4,1982,,https://en.wikipedia.org/wiki/Imola_Circuit
zolder,Zolder,Belgium,1982-05-09,50.9894,Heusden-Zolder,5.25694,Belgian Grand Prix,5,1982,,https://en.wikipedia.org/wiki/Circuit_Zolder
monaco,Circuit de Monaco,Monaco,1982-05-23,43.7347,Monte Carlo,7.42056,Monaco Grand Prix,6,1982,,https://en.wikipedia.org/wiki/Circuit_de_Monaco
detroit,Detroit Street Circuit,USA,1982-06-06,42.3298,Detroit,-83.0401,Detroit Grand Prix,7,1982,,https://en.wikipedia.org/wiki/Detroit_street_circuit
villeneuve,Circuit Gilles Villeneuve,Canada,1982-06-13,45.5,Montreal,-73.5228,Canadian Grand Prix,8,1982,,https://en.wikipedia.org/wiki/Circuit_Gilles_Villeneuve
zandvoort,Circuit Park Zandvoort,Netherlands,1982-07-03,52.3888,Zandvoort,4.54092,Dutch Grand Prix,9,1982,,https://en.wikipedia.org/wiki/Circuit_Zandvoort
brands_hatch,Brands Hatch,UK,1982-07-18,51.3569,Kent,0.263056,British Grand Prix,10,1982,,https://en.wikipedia.org/wiki/Brands_Hatch
ricard,Circuit Paul Ricard,France,1982-07-25,43.2506,Le Castellet,5.79167,French Grand Prix,11,1982,,https://en.wikipedia.org/wiki/Circuit_Paul_Ricard
hockenheimring,Hockenheimring,Germany,1982-08-08,49.3278,Hockenheim,8.56583,German Grand Prix,12,1982,,https://en.wikipedia.org/wiki/Hockenheimring
red_bull_ring,Red Bull Ring,Austria,1982-08-15,47.2197,Spielberg,14.7647,Austrian Grand Prix,13,1982,,https://en.wikipedia.org/wiki/Red_Bull_Ring
dijon,Dijon-Prenois,France,1982-08-29,47.3625,Dijon,4.89913,Swiss Grand Prix,14,1982,,https://en.wikipedia.org/wiki/Dijon-Prenois
monza,Autodromo Nazionale di Monza,Italy,1982-09-12,45.6156,Monza,9.28111,Italian Grand Prix,15,1982,,https://en.wikipedia.org/wiki/Monza_Circuit
las_vegas,Las Vegas Street Circuit,USA,1982-09-25,36.1162,Nevada,-115.174,Caesars Palace Grand Prix,16,1982,,https://en.wikipedia.org/wiki/Las_Vegas_Strip_Circuit
jacarepagua,Autódromo Internacional Nelson Piquet,Brazil,1983-03-13,-22.9756,Rio de Janeiro,-43.395,Brazilian Grand Prix,1,1983,,https://en.wikipedia.org/wiki/Aut%C3%B3dromo_Internacional_Nelson_Piquet
long_beach,Long Beach,USA,1983-03-27,33.7651,California,-118.189,United States Grand Prix West,2,1983,,"https://en.wikipedia.org/wiki/Long_Beach,_California"
ricard,Circuit Paul Ricard,France,1983-04-17,43.2506,Le Castellet,5.79167,French Grand Prix,3,1983,,https://en.wikipedia.org/wiki/Circuit_Paul_Ricard
imola,Autodromo Enzo e Dino Ferrari,Italy,1983-05-01,44.3439,Imola,11.7167,San Marino Grand Prix,4,1983,,https://en.wikipedia.org/wiki/Imola_Circuit
monaco,Circuit de Monaco,Monaco,1983-05-15,43.7347,Monte Carlo,7.42056,Monaco Grand Prix,5,1983,,https://en.wikipedia.org/wiki/Circuit_de_Monaco
spa,Circuit de Spa-Francorchamps,Belgium,1983-05-22,50.4372,Spa,5.97139,Belgian Grand Prix,6,1983,,https://en.wikipedia.org/wiki/Circuit_de_Spa-Francorchamps
detroit,Detroit Street Circuit,USA,1983-06-05,42.3298,Detroit,-83.0401,Detroit Grand Prix,7,1983,,https://en.wikipedia.org/wiki/Detroit_street_circuit
villeneuve,Circuit Gilles Villeneuve,Canada,1983-06-12,45.5,Montreal,-73.5228,Canadian Grand Prix,8,1983,,https://en.wikipedia.org/wiki/Circuit_Gilles_Villeneuve
silverstone,Silverstone Circuit,UK,1983-07-16,52.0786,Silverstone,-1.01694,British Grand Prix,9,1983,,https://en.wikipedia.org/wiki/Silverstone_Circuit
hockenheimring,Hockenheimring,Germany,1983-08-07,49.3278,Hockenheim,8.56583,German Grand Prix,10,1983,,https://en.wikipedia.org/wiki/Hockenheimring
red_bull_ring,Red Bull Ring,Austria,1983-08-14,47.2197,Spielberg,14.7647,Austrian Grand Prix,11,1983,,https://en.wikipedia.org/wiki/Red_Bull_Ring
zandvoort,Circuit Park Zandvoort,Netherlands,1983-08-28,52.3888,Zandvoort,4.54092,Dutch Grand Prix,12,1983,,https://en.wikipedia.org/wiki/Circuit_Zandvoort
monza,Autodromo Nazionale di Monza,Italy,1983-09-11,45.6156,Monza,9.28111,Italian Grand Prix,13,1983,,https://en.wikipedia.org/wiki/Monza_Circuit
brands_hatch,Brands Hatch,UK,1983-09-25,51.3569,Kent,0.263056,European Grand Prix,14,1983,,https://en.wikipedia.org/wiki/Brands_Hatch
kyalami,Kyalami,South Africa,1983-10-15,-25.9894,Midrand,28.0767,South African Grand Prix,15,1983,,https://en.wikipedia.org/wiki/Kyalami
jacarepagua,Autódromo Internacional Nelson Piquet,Brazil,1984-03-25,-22.9756,Rio de Janeiro,-43.395,Brazilian Grand Prix,1,1984,,https://en.wikipedia.org/wiki/Aut%C3%B3dromo_Internacional_Nelson_Piquet
kyalami,Kyalami,South Africa,1984-04-07,-25.9894,Midrand,28.0767,South African Grand Prix,2,1984,,https://en.wikipedia.org/wiki/Kyalami
zolder,Zolder,Belgium,1984-04-29,50.9894,Heusden-Zolder,5.25694,Belgian Grand Prix,3,1984,,https://en.wikipedia.org/wiki/Circuit_Zolder
imola,Autodromo Enzo e Dino Ferrari,Italy,1984-05-06,44.3439,Imola,11.7167,San Marino Grand Prix,4,1984,,https://en.wikipedia.org/wiki/Imola_Circuit
dijon,Dijon-Prenois,France,1984-05-20,47.3625,Dijon,4.89913,French Grand Prix,5,1984,,https://en.wikipedia.org/wiki/Dijon-Prenois
monaco,Circuit de Monaco,Monaco,1984-06-03,43.7347,Monte Carlo,7.42056,Monaco Grand Prix,6,1984,,https://en.wikipedia.org/wiki/Circuit_de_Monaco
villeneuve,Circuit Gilles Villeneuve,Canada,1984-06-17,45.5,Montreal,-73.5228,Canadian Grand Prix,7,1984,,https://en.wikipedia.org/wiki/Circuit_Gilles_Villeneuve
detroit,Detroit Street Circuit,USA,1984-06-24,42.3298,Detroit,-83.0401,Detroit Grand Prix,8,1984,,https://en.wikipedia.org/wiki/Detroit_street_circuit
dallas,Fair Park,USA,1984-07-08,32.7774,Dallas,-96.7587,Dallas Grand Prix,9,1984,,https://en.wikipedia.org/wiki/Fair_Park
brands_hatch,Brands Hatch,UK,1984-07-22,51.3569,Kent,0.263056,British Grand Prix,10,1984,,https://en.wikipedia.org/wiki/Brands_Hatch
hockenheimring,Hockenheimring,Germany,1984-08-05,49.3278,Hockenheim,8.56583,German Grand Prix,11,1984,,https://en.wikipedia.org/wiki/Hockenheimring
red_bull_ring,Red Bull Ring,Austria,1984-08-19,47.2197,Spielberg,14.7647,Austrian Grand Prix,12,1984,,https://en.wikipedia.org/wiki/Red_Bull_Ring
zandvoort,Circuit Park Zandvoort,Netherlands,1984-08-26,52.3888,Zandvoort,4.54092,Dutch Grand Prix,13,1984,,https://en.wikipedia.org/wiki/Circuit_Zandvoort
monza,Autodromo Nazionale di Monza,Italy,1984-09-09,45.6156,Monza,9.28111,Italian Grand Prix,14,1984,,https://en.wikipedia.org/wiki/Monza_Circuit
nurburgring,Nürburgring,Germany,1984-10-07,50.3356,Nürburg,6.9475,European Grand Prix,15,1984,,https://en.wikipedia.org/wiki/N%C3%BCrburgring
estoril,Autódromo do Estoril,Portugal,1984-10-21,38.7506,Estoril,-9.39417,Portuguese Grand Prix,16,1984,,https://en.wikipedia.org/wiki/Circuito_do_Estoril
jacarepagua,Autódromo Internacional Nelson Piquet,Brazil,1985-04-07,-22.9756,Rio de Janeiro,-43.395,Brazilian Grand Prix,1,1985,,https://en.wikipedia.org/wiki/Aut%C3%B3dromo_Internacional_Nelson_Piquet
estoril,Autódromo do Estoril,Portugal,1985-04-21,38.7506,Estoril,-9.39417,Portuguese Grand Prix,2,1985,,https://en.wikipedia.org/wiki/Circuito_do_Estoril
imola,Autodromo Enzo e Dino Ferrari,Italy,1985-05-05,44.3439,Imola,11.7167,San Marino Grand Prix,3,1985,,https://en.wikipedia.org/wiki/Imola_Circuit
monaco,Circuit de Monaco,Monaco,1985-05-19,43.7347,Monte Carlo,7.42056,Monaco Grand Prix,4,1985,,https://en.wikipedia.org/wiki/Circuit_de_Monaco
villeneuve,Circuit Gilles Villeneuve,Canada,1985-06-16,45.5,Montreal,-73.5228,Canadian Grand Prix,5,1985,,https://en.wikipedia.org/wiki/Circuit_Gilles_Villeneuve
detroit,Detroit Street Circuit,USA,1985-06-23,42.3298,Detroit,-83.0401,Detroit Grand Prix,6,1985,,https://en.wikipedia.org/wiki/Detroit_street_circuit
ricard,Circuit Paul Ricard,France,1985-07-07,43.2506,Le Castellet,5.79167,French Grand Prix,7,1985,,https://en.wikipedia.org/wiki/Circuit_Paul_Ricard
silverstone,Silverstone Circuit,UK,1985-07-21,52.0786,Silverstone,-1.01694,British Grand Prix,8,1985,,https://en.wikipedia.org/wiki/Silverstone_Circuit
nurburgring,Nürburgring,Germany,1985-08-04,50.3356,Nürburg,6.9475,German Grand Prix,9,1985,,https://en.wikipedia.org/wiki/N%C3%BCrburgring
red_bull_ring,Red Bull Ring,Austria,1985-08-18,47.2197,Spielberg,14.7647,Austrian Grand Prix,10,1985,,https://en.wikipedia.org/wiki/Red_Bull_Ring
zandvoort,Circuit Park Zandvoort,Netherlands,1985-08-25,52.3888,Zandvoort,4.54092,Dutch Grand Prix,11,1985,,https://en.wikipedia.org/wiki/Circuit_Zandvoort
monza,Autodromo Nazionale di Monza,Italy,1985-09-08,45.6156,Monza,9.28111,Italian Grand Prix,12,1985,,https://en.wikipedia.org/wiki/Monza_Circuit
spa,Circuit de Spa-Francorchamps,Belgium,1985-09-15,50.4372,Spa,5.97139,Belgian Grand Prix,13,1985,,https://en.wikipedia.org/wiki/Circuit_de_Spa-Francorchamps
brands_hatch,Brands Hatch,UK,1985-10-06,51.3569,Kent,0.263056,European Grand Prix,14,1985,,https://en.wikipedia.org/wiki/Brands_Hatch
kyalami,Kyalami,South Africa,1985-10-19,-25.9894,Midrand,28.0767,South African Grand Prix,15,1985,,https://en.wikipedia.org/wiki/Kyalami
adelaide,Adelaide Street Circuit,Australia,1985-11-03,-34.9272,Adelaide,138.617,Australian Grand Prix,16,1985,,https://en.wikipedia.org/wiki/Adelaide_Street_Circuit
jacarepagua,Autódromo Internacional Nelson Piquet,Brazil,1986-03-23,-22.9756,Rio de Janeiro,-43.395,Brazilian Grand Prix,1,1986,,https://en.wikipedia.org/wiki/Aut%C3%B3dromo_Internacional_Nelson_Piquet
jerez,Circuito de Jerez,Spain,1986-04-13,36.7083,Jerez de la Frontera,-6.03417,Spanish Grand Prix,2,1986,,https://en.wikipedia.org/wiki/Circuito_de_Jerez
imola,Autodromo Enzo e Dino Ferrari,Italy,1986-04-27,44.3439,Imola,11.7167,San Marino Grand Prix,3,1986,,https://en.wikipedia.org/wiki/Imola_Circuit
monaco,Circuit de Monaco,Monaco,1986-05-11,43.7347,Monte Carlo,7.42056,Monaco Grand Prix,4,1986,,https://en.wikipedia.org/wiki/Circuit_de_Monaco
spa,Circuit de Spa-Francorchamps,Belgium,1986-05-25,50.4372,Spa,5.97139,Belgian Grand Prix,5,1986,,https://en.wikipedia.org/wiki/Circuit_de_Spa-Francorchamps
villeneuve,Circuit Gilles Villeneuve,Canada,1986-06-15,45.5,Montreal,-73.5228,Canadian Grand Prix,6,1986,,https://en.wikipedia.org/wiki/Circuit_Gilles_Villeneuve
detroit,Detroit Street Circuit,USA,1986-06-22,42.3298,Detroit,-83.0401,Detroit Grand Prix,7,1986,,https://en.wikipedia.org/wiki/Detroit_street_circuit
ricard,Circuit Paul Ricard,France,1986-07-06,43.2506,Le Castellet,5.79167,French Grand Prix,8,1986,,https://en.wikipedia.org/wiki/Circuit_Paul_Ricard
brands_hatch,Brands Hatch,UK,1986-07-13,51.3569,Kent,0.263056,British Grand Prix,9,1986,,https://en.wikipedia.org/wiki/Brands_Hatch
hockenheimring,Hockenheimring,Germany,1986-07-27,49.3278,Hockenheim,8.56583,German Grand Prix,10,1986,,https://en.wikipedia.org/wiki/Hockenheimring
hungaroring,Hungaroring,Hungary,1986-08-10,47.5789,Budapest,19.2486,Hungarian Grand Prix,11,1986,,https://en.wikipedia.org/wiki/Hungaroring
red_bull_ring,Red Bull Ring,Austria,1986-08-17,47.2197,Spielberg,14.7647,Austrian Grand Prix,12,1986,,https://en.wikipedia.org/wiki/Red_Bull_Ring
monza,Autodromo Nazionale di Monza,Italy,1986-09-07,45.6156,Monza,9.28111,Italian Grand Prix,13,1986,,https://en.wikipedia.org/wiki/Monza_Circuit
estoril,Autódromo do Estoril,Portugal,1986-09-21,38.7506,Estoril,-9.39417,Portuguese Grand Prix,14,1986,,https://en.wikipedia.org/wiki/Circuito_do_Estoril
rodriguez,Autódromo Hermanos Rodríguez,Mexico,1986-10-12,19.4042,Mexico City,-99.0907,Mexican Grand Prix,15,1986,,https://en.wikipedia.org/wiki/Aut%C3%B3dromo_Hermanos_Rodr%C3%ADguez
adelaide,Adelaide Street Circuit,Australia,1986-10-26,-34.9272,Adelaide,138.617,Australian Grand Prix,16,1986,,https://en.wikipedia.org/wiki/Adelaide_Street_Circuit
jacarepagua,Autódromo Internacional Nelson Piquet,Brazil,1987-04-12,-22.9756,Rio de Janeiro,-43.395,Brazilian Grand Prix,1,1987,,https://en.wikipedia.org/wiki/Aut%C3%B3dromo_Internacional_Nelson_Piquet
imola,Autodromo Enzo e Dino Ferrari,Italy,1987-05-03,44.3439,Imola,11.7167,San Marino Grand Prix,2,1987,,https://en.wikipedia.org/wiki/Imola_Circuit
spa,Circuit de Spa-Francorchamps,Belgium,1987-05-17,50.4372,Spa,5.97139,Belgian Grand Prix,3,1987,,https://en.wikipedia.org/wiki/Circuit_de_Spa-Francorchamps
monaco,Circuit de Monaco,Monaco,1987-05-31,43.7347,Monte Carlo,7.42056,Monaco Grand Prix,4,1987,,https://en.wikipedia.org/wiki/Circuit_de_Monaco
detroit,Detroit Street Circuit,USA,1987-06-21,42.3298,Detroit,-83.0401,Detroit Grand Prix,5,1987,,https://en.wikipedia.org/wiki/Detroit_street_circuit
ricard,Circuit Paul Ricard,France,1987-07-05,43.2506,Le Castellet,5.79167,French Grand Prix,6,1987,,https://en.wikipedia.org/wiki/Circuit_Paul_Ricard
silverstone,Silverstone Circuit,UK,1987-07-12,52.0786,Silverstone,-1.01694,British Grand Prix,7,1987,,https://en.wikipedia.org/wiki/Silverstone_Circuit
hockenheimring,Hockenheimring,Germany,1987-07-26,49.3278,Hockenheim,8.56583,German Grand Prix,8,1987,,https://en.wikipedia.org/wiki/Hockenheimring
hungaroring,Hungaroring,Hungary,1987-08-09,47.5789,Budapest,19.2486,Hungarian Grand Prix,9,1987,,https://en.wikipedia.org/wiki/Hungaroring
red_bull_ring,Red Bull Ring,Austria,1987-08-16,47.2197,Spielberg,14.7647,Austrian Grand Prix,10,1987,,https://en.wikipedia.org/wiki/Red_Bull_Ring
monza,Autodromo Nazionale di Monza,Italy,1987-09-06,45.6156,Monza,9.28111,Italian Grand Prix,11,1987,,https://en.wikipedia.org/wiki/Monza_Circuit
estoril,Autódromo do Estoril,Portugal,1987-09-20,38.7506,Estoril,-9.39417,Portuguese Grand Prix,12,1987,,https://en.wikipedia.org/wiki/Circuito_do_Estoril
jerez,Circuito de Jerez,Spain,1987-09-27,36.7083,Jerez de la Frontera,-6.03417,Spanish Grand Prix,13,1987,,https://en.wikipedia.org/wiki/Circuito_de_Jerez
rodriguez,Autódromo Hermanos Rodríguez,Mexico,1987-10-18,19.4042,Mexico City,-99.0907,Mexican Grand Prix,14,1987,,https://en.wikipedia.org/wiki/Aut%C3%B3dromo_Hermanos_Rodr%C3%ADguez
suzuka,Suzuka Circuit,Japan,1987-11-01,34.8431,Suzuka,136.541,Japanese Grand Prix,15,1987,,https://en.wikipedia.org/wiki/Suzuka_International_Racing_Course
adelaide,Adelaide Street Circuit,Australia,1987-11-15,-34.9272,Adelaide,138.617,Australian Grand Prix,16,1987,,https://en.wikipedia.org/wiki/Adelaide_Street_Circuit
jacarepagua,Autódromo Internacional Nelson Piquet,Brazil,1988-04-03,-22.9756,Rio de Janeiro,-43.395,Brazilian Grand Prix,1,1988,,https://en.wikipedia.org/wiki/Aut%C3%B3dromo_Internacional_Nelson_Piquet
imola,Autodromo Enzo e Dino Ferrari,Italy,1988-05-01,44.3439,Imola,11.7167,San Marino Grand Prix,2,1988,,https://en.wikipedia.org/wiki/Imola_Circuit
monaco,Circuit de Monaco,Monaco,1988-05-15,43.7347,Monte Carlo,7.42056,Monaco Grand Prix,3,1988,,https://en.wikipedia.org/wiki/Circuit_de_Monaco
rodriguez,Autódromo Hermanos Rodríguez,Mexico,1988-05-29,19.4042,Mexico City,-99.0907,Mexican Grand Prix,4,1988,,https://en.wikipedia.org/wiki/Aut%C3%B3dromo_Hermanos_Rodr%C3%ADguez
villeneuve,Circuit Gilles Villeneuve,Canada,1988-06-12,45.5,Montreal,-73.5228,Canadian Grand Prix,5,1988,,https://en.wikipedia.org/wiki/Circuit_Gilles_Villeneuve
detroit,Detroit Street Circuit,USA,1988-06-19,42.3298,Detroit,-83.0401,Detroit Grand Prix,6,1988,,https://en.wikipedia.org/wiki/Detroit_street_circuit
ricard,Circuit Paul Ricard,France,1988-07-03,43.2506,Le Castellet,5.79167,French Grand Prix,7,1988,,https://en.wikipedia.org/wiki/Circuit_Paul_Ricard
silverstone,Silverstone Circuit,UK,1988-07-10,52.0786,Silverstone,-1.01694,British Grand Prix,8,1988,,https://en.wikipedia.org/wiki/Silverstone_Circuit
hockenheimring,Hockenheimring,Germany,1988-07-24,49.3278,Hockenheim,8.56583,German Grand Prix,9,1988,,https://en.wikipedia.org/wiki/Hockenheimring
hungaroring,Hungaroring,Hungary,1988-08-07,47.5789,Budapest,19.2486,Hungarian Grand Prix,10,1988,,https://en.wikipedia.org/wiki/Hungaroring
spa,Circuit de Spa-Francorchamps,Belgium,1988-08-28,50.4372,Spa,5.97139,Belgian Grand Prix,11,1988,,https://en.wikipedia.org/wiki/Circuit_de_Spa-Francorchamps
monza,Autodromo Nazionale di Monza,Italy,1988-09-11,45.6156,Monza,9.28111,Italian Grand Prix,12,1988,,https://en.wikipedia.org/wiki/Monza_Circuit
estoril,Autódromo do Estoril,Portugal,1988-09-25,38.7506,Estoril,-9.39417,Portuguese Grand Prix,13,1988,,https://en.wikipedia.org/wiki/Circuito_do_Estoril
jerez,Circuito de Jerez,Spain,1988-10-02,36.7083,Jerez de la Frontera,-6.03417,Spanish Grand Prix,14,1988,,https://en.wikipedia.org/wiki/Circuito_de_Jerez
suzuka,Suzuka Circuit,Japan,1988-10-30,34.8431,Suzuka,136.541,Japanese Grand Prix,15,1988,,https://en.wikipedia.org/wiki/Suzuka_International_Racing_Course
adelaide,Adelaide Street Circuit,Australia,1988-11-13,-34.9272,Adelaide,138.617,Australian Grand Prix,16,1988,,https://en.wikipedia.org/wiki/Adelaide_Street_Circuit
jacarepagua,Autódromo Internacional Nelson Piquet,Brazil,1989-03-26,-22.9756,Rio de Janeiro,-43.395,Brazilian Grand Prix,1,1989,,https://en.wikipedia.org/wiki/Aut%C3%B3dromo_Internacional_Nelson_Piquet
imola,Autodromo Enzo e Dino Ferrari,Italy,1989-04-23,44.3439,Imola,11.7167,San Marino Grand Prix,2,1989,,https://en.wikipedia.org/wiki/Imola_Circuit
monaco,Circuit de Monaco,Monaco,1989-05-07,43.7347,Monte Carlo,7.42056,Monaco Grand Prix,3,1989,,https://en.wikipedia.org/wiki/Circuit_de_Monaco
rodriguez,Autódromo Hermanos Rodríguez,Mexico,1989-05-28,19.4042,Mexico City,-99.0907,Mexican Grand Prix,4,1989,,https://en.wikipedia.org/wiki/Aut%C3%B3dromo_Hermanos_Rodr%C3%ADguez
phoenix,Phoenix street circuit,USA,1989-06-04,33.4479,Phoenix,-112.075,United States Grand Prix,5,1989,,https://en.wikipedia.org/wiki/Phoenix_street_circuit
villeneuve,Circuit Gilles Villeneuve,Canada,1989-06-18,45.5,Montreal,-73.5228,Canadian Grand Prix,6,1989,,https://en.wikipedia.org/wiki/Circuit_Gilles_Villeneuve
ricard,Circuit Paul Ricard,France,1989-07-09,43.2506,Le Castellet,5.79167,French Grand Prix,7,1989,,https://en.wikipedia.org/wiki/Circuit_Paul_Ricard
silverstone,Silverstone Circuit,UK,1989-07-16,52.0786,Silverstone,-1.01694,British Grand Prix,8,1989,,https://en.wikipedia.org/wiki/Silverstone_Circuit
hockenheimring,Hockenheimring,Germany,1989-07-30,49.3278,Hockenheim,8.56583,German Grand Prix,9,1989,,https://en.wikipedia.org/wiki/Hockenheimring
hungaroring,Hungaroring,Hungary,1989-08-13,47.5789,Budapest,19.2486,Hungarian Grand Prix,10,1989,,https://en.wikipedia.org/wiki/Hungaroring
spa,Circuit de Spa-Francorchamps,Belgium,1989-08-27,50.4372,Spa,5.97139,Belgian Grand Prix,11,1989,,https://en.wikipedia.org/wiki/Circuit_de_Spa-Francorchamps
monza,Autodromo Nazionale di Monza,Italy,1989-09-10,45.6156,Monza,9.28111,Italian Grand Prix,12,1989,,https://en.wikipedia.org/wiki/Monza_Circuit
estoril,Autódromo do Estoril,Portugal,1989-09-24,38.7506,Estoril,-9.39417,Portuguese Grand Prix,13,1989,,https://en.wikipedia.org/wiki/Circuito_do_Estoril
jerez,Circuito de Jerez,Spain,1989-10-01,36.7083,Jerez de la Frontera,-6.03417,Spanish Grand Prix,14,1989,,https://en.wikipedia.org/wiki/Circuito_de_Jerez
suzuka,Suzuka Circuit,Japan,1989-10-22,34.8431,Suzuka,136.541,Japanese Grand Prix,15,1989,,https://en.wikipedia.org/wiki/Suzuka_International_Racing_Course
adelaide,Adelaide Street Circuit,Australia,1989-11-05,-34.9272,Adelaide,138.617,Australian Grand Prix,16,1989,,https://en.wikipedia.org/wiki/Adelaide_Street_Circuit
phoenix,Phoenix street circuit,USA,1990-03-11,33.4479,Phoenix,-112.075,United States Grand Prix,1,1990,,https://en.wikipedia.org/wiki/Phoenix_street_circuit
interlagos,Autódromo José Carlos Pace,Brazil,1990-03-25,-23.7036,São Paulo,-46.6997,Brazilian Grand Prix,2,1990,,https://en.wikipedia.org/wiki/Interlagos_Circuit
imola,Autodromo Enzo e Dino Ferrari,Italy,1990-05-13,44.3439,Imola,11.7167,San Marino Grand Prix,3,1990,,https://en.wikipedia.org/wiki/Imola_Circuit
monaco,Circuit de Monaco,Monaco,1990-05-27,43.7347,Monte Carlo,7.42056,Monaco Grand Prix,4,1990,,https://en.wikipedia.org/wiki/Circuit_de_Monaco
villeneuve,Circuit Gilles Villeneuve,Canada,1990-06-10,45.5,Montreal,-73.5228,Canadian Grand Prix,5,1990,,https://en.wikipedia.org/wiki/Circuit_Gilles_Villeneuve
rodriguez,Autódromo Hermanos Rodríguez,Mexico,1990-06-24,19.4042,Mexico City,-99.0907,Mexican Grand Prix,6,1990,,https://en.wikipedia.org/wiki/Aut%C3%B3dromo_Hermanos_Rodr%C3%ADguez
ricard,Circuit Paul Ricard,France,1990-07-08,43.2506,Le Castellet,5.79167,French Grand Prix,7,1990,,https://en.wikipedia.org/wiki/Circuit_Paul_Ricard
silverstone,Silverstone Circuit,UK,1990-07-15,52.0786,Silverstone,-1.01694,British Grand Prix,8,1990,,https://en.wikipedia.org/wiki/Silverstone_Circuit
hockenheimring,Hockenheimring,Germany,1990-07-29,49.3278,Hockenheim,8.56583,German Grand Prix,9,1990,,https://en.wikipedia.org/wiki/Hockenheimring
hungaroring,Hungaroring,Hungary,1990-08-12,47.5789,Budapest,19.2486,Hungarian Grand Prix,10,1990,,https://en.wikipedia.org/wiki/Hungaroring
spa,Circuit de Spa-Francorchamps,Belgium,1990-08-26,50.4372,Spa,5.97139,Belgian Grand Prix,11,1990,,https://en.wikipedia.org/wiki/Circuit_de_Spa-Francorchamps
monza,Autodromo Nazionale di Monza,Italy,1990-09-09,45.6156,Monza,9.28111,Italian Grand Prix,12,1990,,https://en.wikipedia.org/wiki/Monza_Circuit
estoril,Autódromo do Estoril,Portugal,1990-09-23,38.7506,Estoril,-9.39417,Portuguese Grand Prix,13,1990,,https://en.wikipedia.org/wiki/Circuito_do_Estoril
jerez,Circuito de Jerez,Spain,1990-09-30,36.7083,Jerez de la Frontera,-6.03417,Spanish Grand Prix,14,1990,,https://en.wikipedia.org/wiki/Circuito_de_Jerez
suzuka,Suzuka Circuit,Japan,1990-10-21,34.8431,Suzuka,136.541,Japanese Grand Prix,15,1990,,https://en.wikipedia.org/wiki/Suzuka_International_Racing_Course
adelaide,Adelaide Street Circuit,Australia,1990-11-04,-34.9272,Adelaide,138.617,Australian Grand Prix,16,1990,,https://en.wikipedia.org/wiki/Adelaide_Street_Circuit
phoenix,Phoenix street circuit,USA,1991-03-10,33.4479,Phoenix,-112.075,United States Grand Prix,1,1991,,https://en.wikipedia.org/wiki/Phoenix_street_circuit
interlagos,Autódromo José Carlos Pace,Brazil,1991-03-24,-23.7036,São Paulo,-46.6997,Brazilian Grand Prix,2,1991,,https://en.wikipedia.org/wiki/Interlagos_Circuit
imola,Autodromo Enzo e Dino Ferrari,Italy,1991-04-28,44.3439,Imola,11.7167,San Marino Grand Prix,3,1991,,https://en.wikipedia.org/wiki/Imola_Circuit
monaco,Circuit de Monaco,Monaco,1991-05-12,43.7347,Monte Carlo,7.42056,Monaco Grand Prix,4,1991,,https://en.wikipedia.org/wiki/Circuit_de_Monaco
villeneuve,Circuit Gilles Villeneuve,Canada,1991-06-02,45.5,Montreal,-73.5228,Canadian Grand Prix,5,1991,,https://en.wikipedia.org/wiki/Circuit_Gilles_Villeneuve
rodriguez,Autódromo Hermanos Rodríguez,Mexico,1991-06-16,19.4042,Mexico City,-99.0907,Mexican Grand Prix,6,1991,,https://en.wikipedia.org/wiki/Aut%C3%B3dromo_Hermanos_Rodr%C3%ADguez
magny_cours,Circuit de Nevers Magny-Cours,France,1991-07-07,46.8642,Magny Cours,3.16361,French Grand Prix,7,1991,,https://en.wikipedia.org/wiki/Circuit_de_Nevers_Magny-Cours
silverstone,Silverstone Circuit,UK,1991-07-14,52.0786,Silverstone,-1.01694,British Grand Prix,8,1991,,https://en.wikipedia.org/wiki/Silverstone_Circuit
hockenheimring,Hockenheimring,Germany,1991-07-28,49.3278,Hockenheim,8.56583,German Grand Prix,9,1991,,https://en.wikipedia.org/wiki/Hockenheimring
hungaroring,Hungaroring,Hungary,1991-08-11,47.5789,Budapest,19.2486,Hungarian Grand Prix,10,1991,,https://en.wikipedia.org/wiki/Hungaroring
spa,Circuit de Spa-Francorchamps,Belgium,1991-08-25,50.4372,Spa,5.97139,Belgian Grand Prix,11,1991,,https://en.wikipedia.org/wiki/Circuit_de_Spa-Francorchamps
monza,Autodromo Nazionale di Monza,Italy,1991-09-08,45.6156,Monza,9.28111,Italian Grand Prix,12,1991,,https://en.wikipedia.org/wiki/Monza_Circuit
estoril,Autódromo do Estoril,Portugal,1991-09-22,38.7506,Estoril,-9.39417,Portuguese Grand Prix,13,1991,,https://en.wikipedia.org/wiki/Circuito_do_Estoril
catalunya,Circuit de Barcelona-Catalunya,Spain,1991-09-29,41.57,Barcelona,2.26111,Spanish Grand Prix,14,1991,,https://en.wikipedia.org/wiki/Circuit_de_Barcelona-Catalunya
suzuka,Suzuka Circuit,Japan,1991-10-20,34.8431,Suzuka,136.541,Japanese Grand Prix,15,1991,,https://en.wikipedia.org/wiki/Suzuka_International_Racing_Course
adelaide,Adelaide Street Circuit,Australia,1991-11-03,-34.9272,Adelaide,138.617,Australian Grand Prix,16,1991,,https://en.wikipedia.org/wiki/Adelaide_Street_Circuit
kyalami,Kyalami,South Africa,1992-03-01,-25.9894,Midrand,28.0767,South African Grand Prix,1,1992,,https://en.wikipedia.org/wiki/Kyalami
rodriguez,Autódromo Hermanos Rodríguez,Mexico,1992-03-22,19.4042,Mexico City,-99.0907,Mexican Grand Prix,2,1992,,https://en.wikipedia.org/wiki/Aut%C3%B3dromo_Hermanos_Rodr%C3%ADguez
interlagos,Autódromo José Carlos Pace,Brazil,1992-04-05,-23.7036,São Paulo,-46.6997,Brazilian Grand Prix,3,1992,,https://en.wikipedia.org/wiki/Interlagos_Circuit
catalunya,Circuit de Barcelona-Catalunya,Spain,1992-05-03,41.57,Barcelona,2.26111,Spanish Grand Prix,4,1992,,https://en.wikipedia.org/wiki/Circuit_de_Barcelona-Catalunya
imola,Autodromo Enzo e Dino Ferrari,Italy,1992-05-17,44.3439,Imola,11.7167,San Marino Grand Prix,5,1992,,https://en.wikipedia.org/wiki/Imola_Circuit
monaco,Circuit de Monaco,Monaco,1992-05-31,43.7347,Monte Carlo,7.42056,Monaco Grand Prix,6,1992,,https://en.wikipedia.org/wiki/Circuit_de_Monaco
villeneuve,Circuit Gilles Villeneuve,Canada,1992-06-14,45.5,Montreal,-73.5228,Canadian Grand Prix,7,1992,,https://en.wikipedia.org/wiki/Circuit_Gilles_Villeneuve
magny_cours,Circuit de Nevers Magny-Cours,France,1992-07-05,46.8642,Magny Cours,3.16361,French Grand Prix,8,1992,,https://en.wikipedia.org/wiki/Circuit_de_Nevers_Magny-Cours
silverstone,Silverstone Circuit,UK,1992-07-12,52.0786,Silverstone,-1.01694,British Grand Prix,9,1992,,https://en.wikipedia.org/wiki/Silverstone_Circuit
hockenheimring,Hockenheimring,Germany,1992-07-26,49.3278,Hockenheim,8.56583,German Grand Prix,10,1992,,https://en.wikipedia.org/wiki/Hockenheimring
hungaroring,Hungaroring,Hungary,1992-08-16,47.5789,Budapest,19.2486,Hungarian Grand Prix,11,1992,,https://en.wikipedia.org/wiki/Hungaroring
spa,Circuit de Spa-Francorchamps,Belgium,1992-08-30,50.4372,Spa,5.97139,Belgian Grand Prix,12,1992,,https://en.wikipedia.org/wiki/Circuit_de_Spa-Francorchamps
monza,Autodromo Nazionale di Monza,Italy,1992-09-13,45.6156,Monza,9.28111,Italian Grand Prix,13,1992,,https://en.wikipedia.org/wiki/Monza_Circuit
estoril,Autódromo do Estoril,Portugal,1992-09-27,38.7506,Estoril,-9.39417,Portuguese Grand Prix,14,1992,,https://en.wikipedia.org/wiki/Circuito_do_Estoril
suzuka,Suzuka Circuit,Japan,1992-10-25,34.8431,Suzuka,136.541,Japanese Grand Prix,15,1992,,https://en.wikipedia.org/wiki/Suzuka_International_Racing_Course
adelaide,Adelaide Street Circuit,Australia,1992-11-08,-34.9272,Adelaide,138.617,Australian Grand Prix,16,1992,,https://en.wikipedia.org/wiki/Adelaide_Street_Circuit
kyalami,Kyalami,South Africa,1993-03-14,-25.9894,Midrand,28.0767,South African Grand Prix,1,1993,,https://en.wikipedia.org/wiki/Kyalami
interlagos,Autódromo José Carlos Pace,Brazil,1993-03-28,-23.7036,São Paulo,-46.6997,Brazilian Grand Prix,2,1993,,https://en.wikipedia.org/wiki/Interlagos_Circuit
donington,Donington Park,UK,1993-04-11,52.8306,Castle Donington,-1.37528,European Grand Prix,3,1993,,https://en.wikipedia.org/wiki/Donington_Park
imola,Autodromo Enzo e Dino Ferrari,Italy,1993-04-25,44.3439,Imola,11.7167,San Marino Grand Prix,4,1993,,https://en.wikipedia.org/wiki/Imola_Circuit
catalunya,Circuit de Barcelona-Catalunya,Spain,1993-05-09,41.57,Barcelona,2.26111,Spanish Grand Prix,5,1993,,https://en.wikipedia.org/wiki/Circuit_de_Barcelona-Catalunya
monaco,Circuit de Monaco,Monaco,1993-05-23,43.7347,Monte Carlo,7.42056,Monaco Grand Prix,6,1993,,https://en.wikipedia.org/wiki/Circuit_de_Monaco
villeneuve,Circuit Gilles Villeneuve,Canada,1993-06-13,45.5,Montreal,-73.5228,Canadian Grand Prix,7,1993,,https://en.wikipedia.org/wiki/Circuit_Gilles_Villeneuve
magny_cours,Circuit de Nevers Magny-Cours,France,1993-07-04,46.8642,Magny Cours,3.16361,French Grand Prix,8,1993,,https://en.wikipedia.org/wiki/Circuit_de_Nevers_Magny-Cours
silverstone,Silverstone Circuit,UK,1993-07-11,52.0786,Silverstone,-1.01694,British Grand Prix,9,1993,,https://en.wikipedia.org/wiki/Silverstone_Circuit
hockenheimring,Hockenheimring,Germany,1993-07-25,49.3278,Hockenheim,8.56583,German Grand Prix,10,1993,,https://en.wikipedia.org/wiki/Hockenheimring
hungaroring,Hungaroring,Hungary,1993-08-15,47.5789,Budapest,19.2486,Hungarian Grand Prix,11,1993,,https://en.wikipedia.org/wiki/Hungaroring
spa,Circuit de Spa-Francorchamps,Belgium,1993-08-29,50.4372,Spa,5.97139,Belgian Grand Prix,12,1993,,https://en.wikipedia.org/wiki/Circuit_de_Spa-Francorchamps
monza,Autodromo Nazionale di Monza,Italy,1993-09-12,45.6156,Monza,9.28111,Italian Grand Prix,13,1993,,https://en.wikipedia.org/wiki/Monza_Circuit
estoril,Autódromo do Estoril,Portugal,1993-09-26,38.7506,Estoril,-9.39417,Portuguese Grand Prix,14,1993,,https://en.wikipedia.org/wiki/Circuito_do_Estoril
suzuka,Suzuka Circuit,Japan,1993-10-24,34.8431,Suzuka,136.541,Japanese Grand Prix,15,1993,,https://en.wikipedia.org/wiki/Suzuka_International_Racing_Course
adelaide,Adelaide Street Circuit,Australia,1993-11-07,-34.9272,Adelaide,138.617,Australian Grand Prix,16,1993,,https://en.wikipedia.org/wiki/Adelaide_Street_Circuit
interlagos,Autódromo José Carlos Pace,Brazil,1994-03-27,-23.7036,São Paulo,-46.6997,Brazilian Grand Prix,1,1994,,https://en.wikipedia.org/wiki/Interlagos_Circuit
okayama,Okayama International Circuit,Japan,1994-04-17,34.915,Okayama,134.221,Pacific Grand Prix,2,1994,,https://en.wikipedia.org/wiki/Okayama_International_Circuit
imola,Autodromo Enzo e Dino Ferrari,Italy,1994-05-01,44.3439,Imola,11.7167,San Marino Grand Prix,3,1994,,https://en.wikipedia.org/wiki/Imola_Circuit
monaco,Circuit de Monaco,Monaco,1994-05-15,43.7347,Monte Carlo,7.42056,Monaco Grand Prix,4,1994,,https://en.wikipedia.org/wiki/Circuit_de_Monaco
catalunya,Circuit de Barcelona-Catalunya,Spain,1994-05-29,41.57,Barcelona,2.26111,Spanish Grand Prix,5,1994,,https://en.wikipedia.org/wiki/Circuit_de_Barcelona-Catalunya
villeneuve,Circuit Gilles Villeneuve,Canada,1994-06-12,45.5,Montreal,-73.5228,Canadian Grand Prix,6,1994,,https://en.wikipedia.org/wiki/Circuit_Gilles_Villeneuve
magny_cours,Circuit de Nevers Magny-Cours,France,1994-07-03,46.8642,Magny Cours,3.16361,French Grand Prix,7,1994,,https://en.wikipedia.org/wiki/Circuit_de_Nevers_Magny-Cours
silverstone,Silverstone Circuit,UK,1994-07-10,52.0786,Silverstone,-1.01694,British Grand Prix,8,1994,,https://en.wikipedia.org/wiki/Silverstone_Circuit
hockenheimring,Hockenheimring,Germany,1994-07-31,49.3278,Hockenheim,8.56583,German Grand Prix,9,1994,,https://en.wikipedia.org/wiki/Hockenheimring
hungaroring,Hungaroring,Hungary,1994-08-14,47.5789,Budapest,19.2486,Hungarian Grand Prix,10,1994,,https://en.wikipedia.org/wiki/Hungaroring
spa,Circuit de Spa-Francorchamps,Belgium,1994-08-28,50.4372,Spa,5.97139,Belgian Grand Prix,11,1994,,https://en.wikipedia.org/wiki/Circuit_de_Spa-Francorchamps
monza,Autodromo Nazionale di Monza,Italy,1994-09-11,45.6156,Monza,9.28111,Italian Grand Prix,12,1994,,https://en.wikipedia.org/wiki/Monza_Circuit
estoril,Autódromo do Estoril,Portugal,1994-09-25,38.7506,Estoril,-9.39417,Portuguese Grand Prix,13,1994,,https://en.wikipedia.org/wiki/Circuito_do_Estoril
jerez,Circuito de Jerez,Spain,1994-10-16,36.7083,Jerez de la Frontera,-6.03417,European Grand Prix,14,1994,,https://en.wikipedia.org/wiki/Circuito_de_Jerez
suzuka,Suzuka Circuit,Japan,1994-11-06,34.8431,Suzuka,136.541,Japanese Grand Prix,15,1994,,https://en.wikipedia.org/wiki/Suzuka_International_Racing_Course
adelaide,Adelaide Street Circuit,Australia,1994-11-13,-34.9272,Adelaide,138.617,Australian Grand Prix,16,1994,,https://en.wikipedia.org/wiki/Adelaide_Street_Circuit
interlagos,Autódromo José Carlos Pace,Brazil,1995-03-26,-23.7036,São Paulo,-46.6997,Brazilian Grand Prix,1,1995,,https://en.wikipedia.org/wiki/Interlagos_Circuit
galvez,Autódromo Juan y Oscar Gálvez,Argentina,1995-04-09,-34.6943,Buenos Aires,-58.4593,Argentine Grand Prix,2,1995,,https://en.wikipedia.org/wiki/Autódromo_Oscar_y_Juan_Gálvez
imola,Autodromo Enzo e Dino Ferrari,Italy,1995-04-30,44.3439,Imola,11.7167,San Marino Grand Prix,3,1995,,https://en.wikipedia.org/wiki/Imola_Circuit
catalunya,Circuit de Barcelona-Catalunya,Spain,1995-05-14,41.57,Barcelona,2.26111,Spanish Grand Prix,4,1995,,https://en.wikipedia.org/wiki/Circuit_de_Barcelona-Catalunya
monaco,Circuit de Monaco,Monaco,1995-05-28,43.7347,Monte Carlo,7.42056,Monaco Grand Prix,5,1995,,https://en.wikipedia.org/wiki/Circuit_de_Monaco
villeneuve,Circuit Gilles Villeneuve,Canada,1995-06-11,45.5,Montreal,-73.5228,Canadian Grand Prix,6,1995,,https://en.wikipedia.org/wiki/Circuit_Gilles_Villeneuve
magny_cours,Circuit de Nevers Magny-Cours,France,1995-07-02,46.8642,Magny Cours,3.16361,French Grand Prix,7,1995,,https://en.wikipedia.org/wiki/Circuit_de_Nevers_Magny-Cours
silverstone,Silverstone Circuit,UK,1995-07-16,52.0786,Silverstone,-1.01694,British Grand Prix,8,1995,,https://en.wikipedia.org/wiki/Silverstone_Circuit
hockenheimring,Hockenheimring,Germany,1995-07-30,49.3278,Hockenheim,8.56583,German Grand Prix,9,1995,,https://en.wikipedia.org/wiki/Hockenheimring
hungaroring,Hungaroring,Hungary,1995-08-13,47.5789,Budapest,19.2486,Hungarian Grand Prix,10,1995,,https://en.wikipedia.org/wiki/Hungaroring
spa,Circuit de Spa-Francorchamps,Belgium,1995-08-27,50.4372,Spa,5.97139,Belgian Grand Prix,11,1995,,https://en.wikipedia.org/wiki/Circuit_de_Spa-Francorchamps
monza,Autodromo Nazionale di Monza,Italy,1995-09-10,45.6156,Monza,9.28111,Italian Grand Prix,12,1995,,https://en.wikipedia.org/wiki/Monza_Circuit
estoril,Autódromo do Estoril,Portugal,1995-09-24,38.7506,Estoril,-9.39417,Portuguese Grand Prix,13,1995,,https://en.wikipedia.org/wiki/Circuito_do_Estoril
nurburgring,Nürburgring,Germany,1995-10-01,50.3356,Nürburg,6.9475,European Grand Prix,14,1995,,https://en.wikipedia.org/wiki/N%C3%BCrburgring
okayama,Okayama International Circuit,Japan,1995-10-22,34.915,Okayama,134.221,Pacific Grand Prix,15,1995,,https://en.wikipedia.org/wiki/Okayama_International_Circuit
suzuka,Suzuka Circuit,Japan,1995-10-29,34.8431,Suzuka,136.541,Japanese Grand Prix,16,1995,,https://en.wikipedia.org/wiki/Suzuka_International_Racing_Course
adelaide,Adelaide Street Circuit,Australia,1995-11-12,-34.9272,Adelaide,138.617,Australian Grand Prix,17,1995,,https://en.wikipedia.org/wiki/Adelaide_Street_Circuit
albert_park,Albert Park Grand Prix Circuit,Australia,1996-03-10,-37.8497,Melbourne,144.968,Australian Grand Prix,1,1996,,https://en.wikipedia.org/wiki/Albert_Park_Circuit
interlagos,Autódromo José Carlos Pace,Brazil,1996-03-31,-23.7036,São Paulo,-46.6997,Brazilian Grand Prix,2,1996,,https://en.wikipedia.org/wiki/Interlagos_Circuit
galvez,Autódromo Juan y Oscar Gálvez,Argentina,1996-04-07,-34.6943,Buenos Aires,-58.4593,Argentine Grand Prix,3,1996,,https://en.wikipedia.org/wiki/Autódromo_Oscar_y_Juan_Gálvez
nurburgring,Nürburgring,Germany,1996-04-28,50.3356,Nürburg,6.9475,European Grand Prix,4,1996,,https://en.wikipedia.org/wiki/N%C3%BCrburgring
imola,Autodromo Enzo e Dino Ferrari,Italy,1996-05-05,44.3439,Imola,11.7167,San Marino Grand Prix,5,1996,,https://en.wikipedia.org/wiki/Imola_Circuit
monaco,Circuit de Monaco,Monaco,1996-05-19,43.7347,Monte Carlo,7.42056,Monaco Grand Prix,6,1996,,https://en.wikipedia.org/wiki/Circuit_de_Monaco
catalunya,Circuit de Barcelona-Catalunya,Spain,1996-06-02,41.57,Barcelona,2.26111,Spanish Grand Prix,7,1996,,https://en.wikipedia.org/wiki/Circuit_de_Barcelona-Catalunya
villeneuve,Circuit Gilles Villeneuve,Canada,1996-06-16,45.5,Montreal,-73.5228,Canadian Grand Prix,8,1996,,https://en.wikipedia.org/wiki/Circuit_Gilles_Villeneuve
magny_cours,Circuit de Nevers Magny-Cours,France,1996-06-30,46.8642,Magny Cours,3.16361,French Grand Prix,9,1996,,https://en.wikipedia.org/wiki/Circuit_de_Nevers_Magny-Cours
silverstone,Silverstone Circuit,UK,1996-07-14,52.0786,Silverstone,-1.01694,British Grand Prix,10,1996,,https://en.wikipedia.org/wiki/Silverstone_Circuit
hockenheimring,Hockenheimring,Germany,1996-07-28,49.3278,Hockenheim,8.56583,German Grand Prix,11,1996,,https://en.wikipedia.org/wiki/Hockenheimring
hungaroring,Hungaroring,Hungary,1996-08-11,47.5789,Budapest,19.2486,Hungarian Grand Prix,12,1996,,https://en.wikipedia.org/wiki/Hungaroring
spa,Circuit de Spa-Francorchamps,Belgium,1996-08-25,50.4372,Spa,5.97139,Belgian Grand Prix,13,1996,,https://en.wikipedia.org/wiki/Circuit_de_Spa-Francorchamps
monza,Autodromo Nazionale di Monza,Italy,1996-09-08,45.6156,Monza,9.28111,Italian Grand Prix,14,1996,,https://en.wikipedia.org/wiki/Monza_Circuit
estoril,Autódromo do Estoril,Portugal,1996-09-22,38.7506,Estoril,-9.39417,Portuguese Grand Prix,15,1996,,https://en.wikipedia.org/wiki/Circuito_do_Estoril
suzuka,Suzuka Circuit,Japan,1996-10-13,34.8431,Suzuka,136.541,Japanese Grand Prix,16,1996,,https://en.wikipedia.org/wiki/Suzuka_International_Racing_Course
albert_park,Albert Park Grand Prix Circuit,Australia,1997-03-09,-37.8497,Melbourne,144.968,Australian Grand Prix,1,1997,,https://en.wikipedia.org/wiki/Albert_Park_Circuit
interlagos,Autódromo José Carlos Pace,Brazil,1997-03-30,-23.7036,São Paulo,-46.6997,Brazilian Grand Prix,2,1997,,https://en.wikipedia.org/wiki/Interlagos_Circuit
galvez,Autódromo Juan y Oscar Gálvez,Argentina,1997-04-13,-34.6943,Buenos Aires,-58.4593,Argentine Grand Prix,3,1997,,https://en.wikipedia.org/wiki/Autódromo_Oscar_y_Juan_Gálvez
imola,Autodromo Enzo e Dino Ferrari,Italy,1997-04-27,44.3439,Imola,11.7167,San Marino Grand Prix,4,1997,,https://en.wikipedia.org/wiki/Imola_Circuit
monaco,Circuit de Monaco,Monaco,1997-05-11,43.7347,Monte Carlo,7.42056,Monaco Grand Prix,5,1997,,https://en.wikipedia.org/wiki/Circuit_de_Monaco
catalunya,Circuit de Barcelona-Catalunya,Spain,1997-05-25,41.57,Barcelona,2.26111,Spanish Grand Prix,6,1997,,https://en.wikipedia.org/wiki/Circuit_de_Barcelona-Catalunya
villeneuve,Circuit Gilles Villeneuve,Canada,1997-06-15,45.5,Montreal,-73.5228,Canadian Grand Prix,7,1997,,https://en.wikipedia.org/wiki/Circuit_Gilles_Villeneuve
magny_cours,Circuit de Nevers Magny-Cours,France,1997-06-29,46.8642,Magny Cours,3.16361,French Grand Prix,8,1997,,https://en.wikipedia.org/wiki/Circuit_de_Nevers_Magny-Cours
silverstone,Silverstone Circuit,UK,1997-07-13,52.0786,Silverstone,-1.01694,British Grand Prix,9,1997,,https://en.wikipedia.org/wiki/Silverstone_Circuit
hockenheimring,Hockenheimring,Germany,1997-07-27,49.3278,Hockenheim,8.56583,German Grand Prix,10,1997,,https://en.wikipedia.org/wiki/Hockenheimring
hungaroring,Hungaroring,Hungary,1997-08-10,47.5789,Budapest,19.2486,Hungarian Grand Prix,11,1997,,https://en.wikipedia.org/wiki/Hungaroring
spa,Circuit de Spa-Francorchamps,Belgium,1997-08-24,50.4372,Spa,5.97139,Belgian Grand Prix,12,1997,,https://en.wikipedia.org/wiki/Circuit_de_Spa-Francorchamps
monza,Autodromo Nazionale di Monza,Italy,1997-09-07,45.6156,Monza,9.28111,Italian Grand Prix,13,1997,,https://en.wikipedia.org/wiki/Monza_Circuit
red_bull_ring,Red Bull Ring,Austria,1997-09-21,47.2197,Spielberg,14.7647,Austrian Grand Prix,14,1997,,https://en.wikipedia.org/wiki/Red_Bull_Ring
nurburgring,Nürburgring,Germany,1997-09-28,50.3356,Nürburg,6.9475,Luxembourg Grand Prix,15,1997,,https://en.wikipedia.org/wiki/N%C3%BCrburgring
suzuka,Suzuka Circuit,Japan,1997-10-12,34.8431,Suzuka,136.541,Japanese Grand Prix,16,1997,,https://en.wikipedia.org/wiki/Suzuka_International_Racing_Course
jerez,Circuito de Jerez,Spain,1997-10-26,36.7083,Jerez de la Frontera,-6.03417,European Grand Prix,17,1997,,https://en.wikipedia.org/wiki/Circuito_de_Jerez
albert_park,Albert Park Grand Prix Circuit,Australia,1998-03-08,-37.8497,Melbourne,144.968,Australian Grand Prix,1,1998,,https://en.wikipedia.org/wiki/Albert_Park_Circuit
interlagos,Autódromo José Carlos Pace,Brazil,1998-03-29,-23.7036,São Paulo,-46.6997,Brazilian Grand Prix,2,1998,,https://en.wikipedia.org/wiki/Interlagos_Circuit
galvez,Autódromo Juan y Oscar Gálvez,Argentina,1998-04-12,-34.6943,Buenos Aires,-58.4593,Argentine Grand Prix,3,1998,,https://en.wikipedia.org/wiki/Autódromo_Oscar_y_Juan_Gálvez
imola,Autodromo Enzo e Dino Ferrari,Italy,1998-04-26,44.3439,Imola,11.7167,San Marino Grand Prix,4,1998,,https://en.wikipedia.org/wiki/Imola_Circuit
catalunya,Circuit de Barcelona-Catalunya,Spain,1998-05-10,41.57,Barcelona,2.26111,Spanish Grand Prix,5,1998,,https://en.wikipedia.org/wiki/Circuit_de_Barcelona-Catalunya
monaco,Circuit de Monaco,Monaco,1998-05-24,43.7347,Monte Carlo,7.42056,Monaco Grand Prix,6,1998,,https://en.wikipedia.org/wiki/Circuit_de_Monaco
villeneuve,Circuit Gilles Villeneuve,Canada,1998-06-07,45.5,Montreal,-73.5228,Canadian Grand Prix,7,1998,,https://en.wikipedia.org/wiki/Circuit_Gilles_Villeneuve
magny_cours,Circuit de Nevers Magny-Cours,France,1998-06-28,46.8642,Magny Cours,3.16361,French Grand Prix,8,1998,,https://en.wikipedia.org/wiki/Circuit_de_Nevers_Magny-Cours
silverstone,Silverstone Circuit,UK,1998-07-12,52.0786,Silverstone,-1.01694,British Grand Prix,9,1998,,https://en.wikipedia.org/wiki/Silverstone_Circuit
red_bull_ring,Red Bull Ring,Austria,1998-07-26,47.2197,Spielberg,14.7647,Austrian Grand Prix,10,1998,,https://en.wikipedia.org/wiki/Red_Bull_Ring
hockenheimring,Hockenheimring,Germany,1998-08-02,49.3278,Hockenheim,8.56583,German Grand Prix,11,1998,,https://en.wikipedia.org/wiki/Hockenheimring
hungaroring,Hungaroring,Hungary,1998-08-16,47.5789,Budapest,19.2486,Hungarian Grand Prix,12,1998,,https://en.wikipedia.org/wiki/Hungaroring
spa,Circuit de Spa-Francorchamps,Belgium,1998-08-30,50.4372,Spa,5.97139,Belgian Grand Prix,13,1998,,https://en.wikipedia.org/wiki/Circuit_de_Spa-Francorchamps
monza,Autodromo Nazionale di Monza,Italy,1998-09-13,45.6156,Monza,9.28111,Italian Grand Prix,14,1998,,https://en.wikipedia.org/wiki/Monza_Circuit
nurburgring,Nürburgring,Germany,1998-09-27,50.3356,Nürburg,6.9475,Luxembourg Grand Prix,15,1998,,https://en.wikipedia.org/wiki/N%C3%BCrburgring
suzuka,Suzuka Circuit,Japan,1998-11-01,34.8431,Suzuka,136.541,Japanese Grand Prix,16,1998,,https://en.wikipedia.org/wiki/Suzuka_International_Racing_Course
albert_park,Albert Park Grand Prix Circuit,Australia,1999-03-07,-37.8497,Melbourne,144.968,Australian Grand Prix,1,1999,,https://en.wikipedia.org/wiki/Albert_Park_Circuit
interlagos,Autódromo José Carlos Pace,Brazil,1999-04-11,-23.7036,São Paulo,-46.6997,Brazilian Grand Prix,2,1999,,https://en.wikipedia.org/wiki/Interlagos_Circuit
imola,Autodromo Enzo e Dino Ferrari,Italy,1999-05-02,44.3439,Imola,11.7167,San Marino Grand Prix,3,1999,,https://en.wikipedia.org/wiki/Imola_Circuit
monaco,Circuit de Monaco,Monaco,1999-05-16,43.7347,Monte Carlo,7.42056,Monaco Grand Prix,4,1999,,https://en.wikipedia.org/wiki/Circuit_de_Monaco
catalunya,Circuit de Barcelona-Catalunya,Spain,1999-05-30,41.57,Barcelona,2.26111,Spanish Grand Prix,5,1999,,https://en.wikipedia.org/wiki/Circuit_de_Barcelona-Catalunya
villeneuve,Circuit Gilles Villeneuve,Canada,1999-06-13,45.5,Montreal,-73.5228,Canadian Grand Prix,6,1999,,https://en.wikipedia.org/wiki/Circuit_Gilles_Villeneuve
magny_cours,Circuit de Nevers Magny-Cours,France,1999-06-27,46.8642,Magny Cours,3.16361,French Grand Prix,7,1999,,https://en.wikipedia.org/wiki/Circuit_de_Nevers_Magny-Cours
silverstone,Silverstone Circuit,UK,1999-07-11,52.0786,Silverstone,-1.01694,British Grand Prix,8,1999,,https://en.wikipedia.org/wiki/Silverstone_Circuit
red_bull_ring,Red Bull Ring,Austria,1999-07-25,47.2197,Spielberg,14.7647,Austrian Grand Prix,9,1999,,https://en.wikipedia.org/wiki/Red_Bull_Ring
hockenheimring,Hockenheimring,Germany,1999-08-01,49.3278,Hockenheim,8.56583,German Grand Prix,10,1999,,https://en.wikipedia.org/wiki/Hockenheimring
hungaroring,Hungaroring,Hungary,1999-08-15,47.5789,Budapest,19.2486,Hungarian Grand Prix,11,1999,,https://en.wikipedia.org/wiki/Hungaroring
spa,Circuit de Spa-Francorchamps,Belgium,1999-08-29,50.4372,Spa,5.97139,Belgian Grand Prix,12,1999,,https://en.wikipedia.org/wiki/Circuit_de_Spa-Francorchamps
monza,Autodromo Nazionale di Monza,Italy,1999-09-12,45.6156,Monza,9.28111,Italian Grand Prix,13,1999,,https://en.wikipedia.org/wiki/Monza_Circuit
nurburgring,Nürburgring,Germany,1999-09-26,50.3356,Nürburg,6.9475,European Grand Prix,14,1999,,https://en.wikipedia.org/wiki/N%C3%BCrburgring
sepang,Sepang International Circuit,Malaysia,1999-10-17,2.76083,Kuala Lumpur,101.738,Malaysian Grand Prix,15,1999,,https://en.wikipedia.org/wiki/Sepang_International_Circuit
suzuka,Suzuka Circuit,Japan,1999-10-31,34.8431,Suzuka,136.541,Japanese Grand Prix,16,1999,,https://en.wikipedia.org/wiki/Suzuka_International_Racing_Course
albert_park,Albert Park Grand Prix Circuit,Australia,2000-03-12,-37.8497,Melbourne,144.968,Australian Grand Prix,1,2000,,https://en.wikipedia.org/wiki/Albert_Park_Circuit
interlagos,Autódromo José Carlos Pace,Brazil,2000-03-26,-23.7036,São Paulo,-46.6997,Brazilian Grand Prix,2,2000,,https://en.wikipedia.org/wiki/Interlagos_Circuit
imola,Autodromo Enzo e Dino Ferrari,Italy,2000-04-09,44.3439,Imola,11.7167,San Marino Grand Prix,3,2000,,https://en.wikipedia.org/wiki/Imola_Circuit
silverstone,Silverstone Circuit,UK,2000-04-23,52.0786,Silverstone,-1.01694,British Grand Prix,4,2000,,https://en.wikipedia.org/wiki/Silverstone_Circuit
catalunya,Circuit de Barcelona-Catalunya,Spain,2000-05-07,41.57,Barcelona,2.26111,Spanish Grand Prix,5,2000,,https://en.wikipedia.org/wiki/Circuit_de_Barcelona-Catalunya
nurburgring,Nürburgring,Germany,2000-05-21,50.3356,Nürburg,6.9475,European Grand Prix,6,2000,,https://en.wikipedia.org/wiki/N%C3%BCrburgring
monaco,Circuit de Monaco,Monaco,2000-06-04,43.7347,Monte Carlo,7.42056,Monaco Grand Prix,7,2000,,https://en.wikipedia.org/wiki/Circuit_de_Monaco
villeneuve,Circuit Gilles Villeneuve,Canada,2000-06-18,45.5,Montreal,-73.5228,Canadian Grand Prix,8,2000,,https://en.wikipedia.org/wiki/Circuit_Gilles_Villeneuve
magny_cours,Circuit de Nevers Magny-Cours,France,2000-07-02,46.8642,Magny Cours,3.16361,French Grand Prix,9,2000,,https://en.wikipedia.org/wiki/Circuit_de_Nevers_Magny-Cours
red_bull_ring,Red Bull Ring,Austria,2000-07-16,47.2197,Spielberg,14.7647,Austrian Grand Prix,10,2000,,https://en.wikipedia.org/wiki/Red_Bull_Ring
hockenheimring,Hockenheimring,Germany,2000-07-30,49.3278,Hockenheim,8.56583,German Grand Prix,11,2000,,https://en.wikipedia.org/wiki/Hockenheimring
hungaroring,Hungaroring,Hungary,2000-08-13,47.5789,Budapest,19.2486,Hungarian Grand Prix,12,2000,,https://en.wikipedia.org/wiki/Hungaroring
spa,Circuit de Spa-Francorchamps,Belgium,2000-08-27,50.4372,Spa,5.97139,Belgian Grand Prix,13,2000,,https://en.wikipedia.org/wiki/Circuit_de_Spa-Francorchamps
monza,Autodromo Nazionale di Monza,Italy,2000-09-10,45.6156,Monza,9.28111,Italian Grand Prix,14,2000,,https://en.wikipedia.org/wiki/Monza_Circuit
indianapolis,Indianapolis Motor Speedway,USA,2000-09-24,39.795,Indianapolis,-86.2347,United States Grand Prix,15,2000,,https://en.wikipedia.org/wiki/Indianapolis_Motor_Speedway
suzuka,Suzuka Circuit,Japan,2000-10-08,34.8431,Suzuka,136.541,Japanese Grand Prix,16,2000,,https://en.wikipedia.org/wiki/Suzuka_International_Racing_Course
sepang,Sepang International Circuit,Malaysia,2000-10-22,2.76083,Kuala Lumpur,101.738,Malaysian Grand Prix,17,2000,,https://en.wikipedia.org/wiki/Sepang_International_Circuit
albert_park,Albert Park Grand Prix Circuit,Australia,2001-03-04,-37.8497,Melbourne,144.968,Australian Grand Prix,1,2001,,https://en.wikipedia.org/wiki/Albert_Park_Circuit
sepang,Sepang International Circuit,Malaysia,2001-03-18,2.76083,Kuala Lumpur,101.738,Malaysian Grand Prix,2,2001,,https://en.wikipedia.org/wiki/Sepang_International_Circuit
interlagos,Autódromo José Carlos Pace,Brazil,2001-04-01,-23.7036,São Paulo,-46.6997,Brazilian Grand Prix,3,2001,,https://en.wikipedia.org/wiki/Interlagos_Circuit
imola,Autodromo Enzo e Dino Ferrari,Italy,2001-04-15,44.3439,Imola,11.7167,San Marino Grand Prix,4,2001,,https://en.wikipedia.org/wiki/Imola_Circuit
catalunya,Circuit de Barcelona-Catalunya,Spain,2001-04-29,41.57,Barcelona,2.26111,Spanish Grand Prix,5,2001,,https://en.wikipedia.org/wiki/Circuit_de_Barcelona-Catalunya
red_bull_ring,Red Bull Ring,Austria,2001-05-13,47.2197,Spielberg,14.7647,Austrian Grand Prix,6,2001,,https://en.wikipedia.org/wiki/Red_Bull_Ring
monaco,Circuit de Monaco,Monaco,2001-05-27,43.7347,Monte Carlo,7.42056,Monaco Grand Prix,7,2001,,https://en.wikipedia.org/wiki/Circuit_de_Monaco
villeneuve,Circuit Gilles Villeneuve,Canada,2001-06-10,45.5,Montreal,-73.5228,Canadian Grand Prix,8,2001,,https://en.wikipedia.org/wiki/Circuit_Gilles_Villeneuve
nurburgring,Nürburgring,Germany,2001-06-24,50.3356,Nürburg,6.9475,European Grand Prix,9,2001,,https://en.wikipedia.org/wiki/N%C3%BCrburgring
magny_cours,Circuit de Nevers Magny-Cours,France,2001-07-01,46.8642,Magny Cours,3.16361,French Grand Prix,10,2001,,https://en.wikipedia.org/wiki/Circuit_de_Nevers_Magny-Cours
silverstone,Silverstone Circuit,UK,2001-07-15,52.0786,Silverstone,-1.01694,British Grand Prix,11,2001,,https://en.wikipedia.org/wiki/Silverstone_Circuit
hockenheimring,Hockenheimring,Germany,2001-07-29,49.3278,Hockenheim,8.56583,German Grand Prix,12,2001,,https://en.wikipedia.org/wiki/Hockenheimring
hungaroring,Hungaroring,Hungary,2001-08-19,47.5789,Budapest,19.2486,Hungarian Grand Prix,13,2001,,https://en.wikipedia.org/wiki/Hungaroring
spa,Circuit de Spa-Francorchamps,Belgium,2001-09-02,50.4372,Spa,5.97139,Belgian Grand Prix,14,2001,,https://en.wikipedia.org/wiki/Circuit_de_Spa-Francorchamps
monza,Autodromo Nazionale di Monza,Italy,2001-09-16,45.6156,Monza,9.28111,Italian Grand Prix,15,2001,,https://en.wikipedia.org/wiki/Monza_Circuit
indianapolis,Indianapolis Motor Speedway,USA,2001-09-30,39.795,Indianapolis,-86.2347,United States Grand Prix,16,2001,,https://en.wikipedia.org/wiki/Indianapolis_Motor_Speedway
suzuka,Suzuka Circuit,Japan,2001-10-14,34.8431,Suzuka,136.541,Japanese Grand Prix,17,2001,,https://en.wikipedia.org/wiki/Suzuka_International_Racing_Course
albert_park,Albert Park Grand Prix Circuit,Australia,2002-03-03,-37.8497,Melbourne,144.968,Australian Grand Prix,1,2002,,https://en.wikipedia.org/wiki/Albert_Park_Circuit
sepang,Sepang International Circuit,Malaysia,2002-03-17,2.76083,Kuala Lumpur,101.738,Malaysian Grand Prix,2,2002,,https://en.wikipedia.org/wiki/Sepang_International_Circuit
interlagos,Autódromo José Carlos Pace,Brazil,2002-03-31,-23.7036,São Paulo,-46.6997,Brazilian Grand Prix,3,2002,,https://en.wikipedia.org/wiki/Interlagos_Circuit
imola,Autodromo Enzo e Dino Ferrari,Italy,2002-04-14,44.3439,Imola,11.7167,San Marino Grand Prix,4,2002,,https://en.wikipedia.org/wiki/Imola_Circuit
catalunya,Circuit de Barcelona-Catalunya,Spain,2002-04-28,41.57,Barcelona,2.26111,Spanish Grand Prix,5,2002,,https://en.wikipedia.org/wiki/Circuit_de_Barcelona-Catalunya
red_bull_ring,Red Bull Ring,Austria,2002-05-12,47.2197,Spielberg,14.7647,Austrian Grand Prix,6,2002,,https://en.wikipedia.org/wiki/Red_Bull_Ring
monaco,Circuit de Monaco,Monaco,2002-05-26,43.7347,Monte Carlo,7.42056,Monaco Grand Prix,7,2002,,https://en.wikipedia.org/wiki/Circuit_de_Monaco
villeneuve,Circuit Gilles Villeneuve,Canada,2002-06-09,45.5,Montreal,-73.5228,Canadian Grand Prix,8,2002,,https://en.wikipedia.org/wiki/Circuit_Gilles_Villeneuve
nurburgring,Nürburgring,Germany,2002-06-23,50.3356,Nürburg,6.9475,European Grand Prix,9,2002,,https://en.wikipedia.org/wiki/N%C3%BCrburgring
silverstone,Silverstone Circuit,UK,2002-07-07,52.0786,Silverstone,-1.01694,British Grand Prix,10,2002,,https://en.wikipedia.org/wiki/Silverstone_Circuit
magny_cours,Circuit de Nevers Magny-Cours,France,2002-07-21,46.8642,Magny Cours,3.16361,French Grand Prix,11,2002,,https://en.wikipedia.org/wiki/Circuit_de_Nevers_Magny-Cours
hockenheimring,Hockenheimring,Germany,2002-07-28,49.3278,Hockenheim,8.56583,German Grand Prix,12,2002,,https://en.wikipedia.org/wiki/Hockenheimring
hungaroring,Hungaroring,Hungary,2002-08-18,47.5789,Budapest,19.2486,Hungarian Grand Prix,13,2002,,https://en.wikipedia.org/wiki/Hungaroring
spa,Circuit de Spa-Francorchamps,Belgium,2002-09-01,50.4372,Spa,5.97139,Belgian Grand Prix,14,2002,,https://en.wikipedia.org/wiki/Circuit_de_Spa-Francorchamps
monza,Autodromo Nazionale di Monza,Italy,2002-09-15,45.6156,Monza,9.28111,Italian Grand Prix,15,2002,,https://en.wikipedia.org/wiki/Monza_Circuit
indianapolis,Indianapolis Motor Speedway,USA,2002-09-29,39.795,Indianapolis,-86.2347,United States Grand Prix,16,2002,,https://en.wikipedia.org/wiki/Indianapolis_Motor_Speedway
suzuka,Suzuka Circuit,Japan,2002-10-13,34.8431,Suzuka,136.541,Japanese Grand Prix,17,2002,,https://en.wikipedia.org/wiki/Suzuka_International_Racing_Course
albert_park,Albert Park Grand Prix Circuit,Australia,2003-03-09,-37.8497,Melbourne,144.968,Australian Grand Prix,1,2003,,https://en.wikipedia.org/wiki/Albert_Park_Circuit
sepang,Sepang International Circuit,Malaysia,2003-03-23,2.76083,Kuala Lumpur,101.738,Malaysian Grand Prix,2,2003,,https://en.wikipedia.org/wiki/Sepang_International_Circuit
interlagos,Autódromo José Carlos Pace,Brazil,2003-04-06,-23.7036,São Paulo,-46.6997,Brazilian Grand Prix,3,2003,,https://en.wikipedia.org/wiki/Interlagos_Circuit
imola,Autodromo Enzo e Dino Ferrari,Italy,2003-04-20,44.3439,Imola,11.7167,San Marino Grand Prix,4,2003,,https://en.wikipedia.org/wiki/Imola_Circuit
catalunya,Circuit de Barcelona-Catalunya,Spain,2003-05-04,41.57,Barcelona,2.26111,Spanish Grand Prix,5,2003,,https://en.wikipedia.org/wiki/Circuit_de_Barcelona-Catalunya
red_bull_ring,Red Bull Ring,Austria,2003-05-18,47.2197,Spielberg,14.7647,Austrian Grand Prix,6,2003,,https://en.wikipedia.org/wiki/Red_Bull_Ring
monaco,Circuit de Monaco,Monaco,2003-06-01,43.7347,Monte Carlo,7.42056,Monaco Grand Prix,7,2003,,https://en.wikipedia.org/wiki/Circuit_de_Monaco
villeneuve,Circuit Gilles Villeneuve,Canada,2003-06-15,45.5,Montreal,-73.5228,Canadian Grand Prix,8,2003,,https://en.wikipedia.org/wiki/Circuit_Gilles_Villeneuve
nurburgring,Nürburgring,Germany,2003-06-29,50.3356,Nürburg,6.9475,European Grand Prix,9,2003,,https://en.wikipedia.org/wiki/N%C3%BCrburgring
magny_cours,Circuit de Nevers Magny-Cours,France,2003-07-06,46.8642,Magny Cours,3.16361,French Grand Prix,10,2003,,https://en.wikipedia.org/wiki/Circuit_de_Nevers_Magny-Cours
silverstone,Silverstone Circuit,UK,2003-07-20,52.0786,Silverstone,-1.01694,British Grand Prix,11,2003,,https://en.wikipedia.org/wiki/Silverstone_Circuit
hockenheimring,Hockenheimring,Germany,2003-08-03,49.3278,Hockenheim,8.56583,German Grand Prix,12,2003,,https://en.wikipedia.org/wiki/Hockenheimring
hungaroring,Hungaroring,Hungary,2003-08-24,47.5789,Budapest,19.2486,Hungarian Grand Prix,13,2003,,https://en.wikipedia.org/wiki/Hungaroring
monza,Autodromo Nazionale di Monza,Italy,2003-09-14,45.6156,Monza,9.28111,Italian Grand Prix,14,2003,,https://en.wikipedia.org/wiki/Monza_Circuit
indianapolis,Indianapolis Motor Speedway,USA,2003-09-28,39.795,Indianapolis,-86.2347,United States Grand Prix,15,2003,,https://en.wikipedia.org/wiki/Indianapolis_Motor_Speedway
suzuka,Suzuka Circuit,Japan,2003-10-12,34.8431,Suzuka,136.541,Japanese Grand Prix,16,2003,,https://en.wikipedia.org/wiki/Suzuka_International_Racing_Course
albert_park,Albert Park Grand Prix Circuit,Australia,2004-03-07,-37.8497,Melbourne,144.968,Australian Grand Prix,1,2004,,https://en.wikipedia.org/wiki/Albert_Park_Circuit
sepang,Sepang International Circuit,Malaysia,2004-03-21,2.76083,Kuala Lumpur,101.738,Malaysian Grand Prix,2,2004,,https://en.wikipedia.org/wiki/Sepang_International_Circuit
bahrain,Bahrain International Circuit,Bahrain,2004-04-04,26.0325,Sakhir,50.5106,Bahrain Grand Prix,3,2004,,https://en.wikipedia.org/wiki/Bahrain_International_Circuit
imola,Autodromo Enzo e Dino Ferrari,Italy,2004-04-25,44.3439,Imola,11.7167,San Marino Grand Prix,4,2004,,https://en.wikipedia.org/wiki/Imola_Circuit
catalunya,Circuit de Barcelona-Catalunya,Spain,2004-05-09,41.57,Barcelona,2.26111,Spanish Grand Prix,5,2004,,https://en.wikipedia.org/wiki/Circuit_de_Barcelona-Catalunya
monaco,Circuit de Monaco,Monaco,2004-05-23,43.7347,Monte Carlo,7.42056,Monaco Grand Prix,6,2004,,https://en.wikipedia.org/wiki/Circuit_de_Monaco
nurburgring,Nürburgring,Germany,2004-05-30,50.3356,Nürburg,6.9475,European Grand Prix,7,2004,,https://en.wikipedia.org/wiki/N%C3%BCrburgring
villeneuve,Circuit Gilles Villeneuve,Canada,2004-06-13,45.5,Montreal,-73.5228,Canadian Grand Prix,8,2004,,https://en.wikipedia.org/wiki/Circuit_Gilles_Villeneuve
indianapolis,Indianapolis Motor Speedway,USA,2004-06-20,39.795,Indianapolis,-86.2347,United States Grand Prix,9,2004,,https://en.wikipedia.org/wiki/Indianapolis_Motor_Speedway
magny_cours,Circuit de Nevers Magny-Cours,France,2004-07-04,46.8642,Magny Cours,3.16361,French Grand Prix,10,2004,,https://en.wikipedia.org/wiki/Circuit_de_Nevers_Magny-Cours
silverstone,Silverstone Circuit,UK,2004-07-11,52.0786,Silverstone,-1.01694,British Grand Prix,11,2004,,https://en.wikipedia.org/wiki/Silverstone_Circuit
hockenheimring,Hockenheimring,Germany,2004-07-25,49.3278,Hockenheim,8.56583,German Grand Prix,12,2004,,https://en.wikipedia.org/wiki/Hockenheimring
hungaroring,Hungaroring,Hungary,2004-08-15,47.5789,Budapest,19.2486,Hungarian Grand Prix,13,2004,,https://en.wikipedia.org/wiki/Hungaroring
spa,Circuit de Spa-Francorchamps,Belgium,2004-08-29,50.4372,Spa,5.97139,Belgian Grand Prix,14,2004,,https://en.wikipedia.org/wiki/Circuit_de_Spa-Francorchamps
monza,Autodromo Nazionale di Monza,Italy,2004-09-12,45.6156,Monza,9.28111,Italian Grand Prix,15,2004,,https://en.wikipedia.org/wiki/Monza_Circuit
shanghai,Shanghai International Circuit,China,2004-09-26,31.3389,Shanghai,121.22,Chinese Grand Prix,16,2004,,https://en.wikipedia.org/wiki/Shanghai_International_Circuit
suzuka,Suzuka Circuit,Japan,2004-10-10,34.8431,Suzuka,136.541,Japanese Grand Prix,17,2004,,https://en.wikipedia.org/wiki/Suzuka_International_Racing_Course
interlagos,Autódromo José Carlos Pace,Brazil,2004-10-24,-23.7036,São Paulo,-46.6997,Brazilian Grand Prix,18,2004,,https://en.wikipedia.org/wiki/Interlagos_Circuit
albert_park,Albert Park Grand Prix Circuit,Australia,2005-03-06,-37.8497,Melbourne,144.968,Australian Grand Prix,1,2005,14:00:00Z,https://en.wikipedia.org/wiki/Albert_Park_Circuit
sepang,Sepang International Circuit,Malaysia,2005-03-20,2.76083,Kuala Lumpur,101.738,Malaysian Grand Prix,2,2005,15:00:00Z,https://en.wikipedia.org/wiki/Sepang_International_Circuit
bahrain,Bahrain International Circuit,Bahrain,2005-04-03,26.0325,Sakhir,50.5106,Bahrain Grand Prix,3,2005,14:30:00Z,https://en.wikipedia.org/wiki/Bahrain_International_Circuit
imola,Autodromo Enzo e Dino Ferrari,Italy,2005-04-24,44.3439,Imola,11.7167,San Marino Grand Prix,4,2005,14:00:00Z,https://en.wikipedia.org/wiki/Imola_Circuit
catalunya,Circuit de Barcelona-Catalunya,Spain,2005-05-08,41.57,Barcelona,2.26111,Spanish Grand Prix,5,2005,14:00:00Z,https://en.wikipedia.org/wiki/Circuit_de_Barcelona-Catalunya
monaco,Circuit de Monaco,Monaco,2005-05-22,43.7347,Monte Carlo,7.42056,Monaco Grand Prix,6,2005,14:00:00Z,https://en.wikipedia.org/wiki/Circuit_de_Monaco
nurburgring,Nürburgring,Germany,2005-05-29,50.3356,Nürburg,6.9475,European Grand Prix,7,2005,14:00:00Z,https://en.wikipedia.org/wiki/N%C3%BCrburgring
villeneuve,Circuit Gilles Villeneuve,Canada,2005-06-12,45.5,Montreal,-73.5228,Canadian Grand Prix,8,2005,13:00:00Z,https://en.wikipedia.org/wiki/Circuit_Gilles_Villeneuve
indianapolis,Indianapolis Motor Speedway,USA,2005-06-19,39.795,Indianapolis,-86.2347,United States Grand Prix,9,2005,14:00:00Z,https://en.wikipedia.org/wiki/Indianapolis_Motor_Speedway
magny_cours,Circuit de Nevers Magny-Cours,France,2005-07-03,46.8642,Magny Cours,3.16361,French Grand Prix,10,2005,14:00:00Z,https://en.wikipedia.org/wiki/Circuit_de_Nevers_Magny-Cours
silverstone,Silverstone Circuit,UK,2005-07-10,52.0786,Silverstone,-1.01694,British Grand Prix,11,2005,14:00:00Z,https://en.wikipedia.org/wiki/Silverstone_Circuit
hockenheimring,Hockenheimring,Germany,2005-07-24,49.3278,Hockenheim,8.56583,German Grand Prix,12,2005,14:00:00Z,https://en.wikipedia.org/wiki/Hockenheimring
hungaroring,Hungaroring,Hungary,2005-07-31,47.5789,Budapest,19.2486,Hungarian Grand Prix,13,2005,14:00:00Z,https://en.wikipedia.org/wiki/Hungaroring
istanbul,Istanbul Park,Turkey,2005-08-21,40.9517,Istanbul,29.405,Turkish Grand Prix,14,2005,15:00:00Z,https://en.wikipedia.org/wiki/Istanbul_Park
monza,Autodromo Nazionale di Monza,Italy,2005-09-04,45.6156,Monza,9.28111,Italian Grand Prix,15,2005,14:00:00Z,https://en.wikipedia.org/wiki/Monza_Circuit
spa,Circuit de Spa-Francorchamps,Belgium,2005-09-11,50.4372,Spa,5.97139,Belgian Grand Prix,16,2005,14:00:00Z,https://en.wikipedia.org/wiki/Circuit_de_Spa-Francorchamps
interlagos,Autódromo José Carlos Pace,Brazil,2005-09-25,-23.7036,São Paulo,-46.6997,Brazilian Grand Prix,17,2005,14:00:00Z,https://en.wikipedia.org/wiki/Interlagos_Circuit
suzuka,Suzuka Circuit,Japan,2005-10-09,34.8431,Suzuka,136.541,Japanese Grand Prix,18,2005,14:00:00Z,https://en.wikipedia.org/wiki/Suzuka_International_Racing_Course
shanghai,Shanghai International Circuit,China,2005-10-16,31.3389,Shanghai,121.22,Chinese Grand Prix,19,2005,14:00:00Z,https://en.wikipedia.org/wiki/Shanghai_International_Circuit
bahrain,Bahrain International Circuit,Bahrain,2006-03-11,26.0325,Sakhir,50.5106,Bahrain Grand Prix,1,2006,14:30:00Z,https://en.wikipedia.org/wiki/Bahrain_International_Circuit
sepang,Sepang International Circuit,Malaysia,2006-03-18,2.76083,Kuala Lumpur,101.738,Malaysian Grand Prix,2,2006,15:00:00Z,https://en.wikipedia.org/wiki/Sepang_International_Circuit
albert_park,Albert Park Grand Prix Circuit,Australia,2006-04-01,-37.8497,Melbourne,144.968,Australian Grand Prix,3,2006,14:00:00Z,https://en.wikipedia.org/wiki/Albert_Park_Circuit
imola,Autodromo Enzo e Dino Ferrari,Italy,2006-04-22,44.3439,Imola,11.7167,San Marino Grand Prix,4,2006,14:00:00Z,https://en.wikipedia.org/wiki/Imola_Circuit
nurburgring,Nürburgring,Germany,2006-05-06,50.3356,Nürburg,6.9475,European Grand Prix,5,2006,14:00:00Z,https://en.wikipedia.org/wiki/N%C3%BCrburgring
catalunya,Circuit de Barcelona-Catalunya,Spain,2006-05-13,41.57,Barcelona,2.26111,Spanish Grand Prix,6,2006,14:00:00Z,https://en.wikipedia.org/wiki/Circuit_de_Barcelona-Catalunya
monaco,Circuit de Monaco,Monaco,2006-05-27,43.7347,Monte Carlo,7.42056,Monaco Grand Prix,7,2006,14:00:00Z,https://en.wikipedia.org/wiki/Circuit_de_Monaco
silverstone,Silverstone Circuit,UK,2006-06-10,52.0786,Silverstone,-1.01694,British Grand Prix,8,2006,12:00:00Z,https://en.wikipedia.org/wiki/Silverstone_Circuit
villeneuve,Circuit Gilles Villeneuve,Canada,2006-06-24,45.5,Montreal,-73.5228,Canadian Grand Prix,9,2006,13:00:00Z,https://en.wikipedia.org/wiki/Circuit_Gilles_Villeneuve
indianapolis,Indianapolis Motor Speedway,USA,2006-07-01,39.795,Indianapolis,-86.2347,United States Grand Prix,10,2006,14:00:00Z,https://en.wikipedia.org/wiki/Indianapolis_Motor_Speedway
magny_cours,Circuit de Nevers Magny-Cours,France,2006-07-15,46.8642,Magny Cours,3.16361,French Grand Prix,11,2006,14:00:00Z,https://en.wikipedia.org/wiki/Circuit_de_Nevers_Magny-Cours
hockenheimring,Hockenheimring,Germany,2006-07-29,49.3278,Hockenheim,8.56583,German Grand Prix,12,2006,14:00:00Z,https://en.wikipedia.org/wiki/Hockenheimring
hungaroring,Hungaroring,Hungary,2006-08-05,47.5789,Budapest,19.2486,Hungarian Grand Prix,13,2006,14:00:00Z,https://en.wikipedia.org/wiki/Hungaroring
istanbul,Istanbul Park,Turkey,2006-08-26,40.9517,Istanbul,29.405,Turkish Grand Prix,14,2006,15:00:00Z,https://en.wikipedia.org/wiki/Istanbul_Park
monza,Autodromo Nazionale di Monza,Italy,2006-09-09,45.6156,Monza,9.28111,Italian Grand Prix,15,2006,14:00:00Z,https://en.wikipedia.org/wiki/Monza_Circuit
shanghai,Shanghai International Circuit,China,2006-09-30,31.3389,Shanghai,121.22,Chinese Grand Prix,16,2006,14:00:00Z,https://en.wikipedia.org/wiki/Shanghai_International_Circuit
suzuka,Suzuka Circuit,Japan,2006-10-07,34.8431,Suzuka,136.541,Japanese Grand Prix,17,2006,14:00:00Z,https://en.wikipedia.org/wiki/Suzuka_International_Racing_Course
interlagos,Autódromo José Carlos Pace,Brazil,2006-10-21,-23.7036,São Paulo,-46.6997,Brazilian Grand Prix,18,2006,14:00:00Z,https://en.wikipedia.org/wiki/Interlagos_Circuit
albert_park,Albert Park Grand Prix Circuit,Australia,2007-03-17,-37.8497,Melbourne,144.968,Australian Grand Prix,1,2007,03:00:00Z,https://en.wikipedia.org/wiki/Albert_Park_Circuit
sepang,Sepang International Circuit,Malaysia,2007-04-07,2.76083,Kuala Lumpur,101.738,Malaysian Grand Prix,2,2007,07:00:00Z,https://en.wikipedia.org/wiki/Sepang_International_Circuit
bahrain,Bahrain International Circuit,Bahrain,2007-04-14,26.0325,Sakhir,50.5106,Bahrain Grand Prix,3,2007,11:30:00Z,https://en.wikipedia.org/wiki/Bahrain_International_Circuit
catalunya,Circuit de Barcelona-Catalunya,Spain,2007-05-12,41.57,Barcelona,2.26111,Spanish Grand Prix,4,2007,12:00:00Z,https://en.wikipedia.org/wiki/Circuit_de_Barcelona-Catalunya
monaco,Circuit de Monaco,Monaco,2007-05-26,43.7347,Monte Carlo,7.42056,Monaco Grand Prix,5,2007,12:00:00Z,https://en.wikipedia.org/wiki/Circuit_de_Monaco
villeneuve,Circuit Gilles Villeneuve,Canada,2007-06-09,45.5,Montreal,-73.5228,Canadian Grand Prix,6,2007,17:00:00Z,https://en.wikipedia.org/wiki/Circuit_Gilles_Villeneuve
indianapolis,Indianapolis Motor Speedway,USA,2007-06-16,39.795,Indianapolis,-86.2347,United States Grand Prix,7,2007,17:00:00Z,https://en.wikipedia.org/wiki/Indianapolis_Motor_Speedway
magny_cours,Circuit de Nevers Magny-Cours,France,2007-06-30,46.8642,Magny Cours,3.16361,French Grand Prix,8,2007,12:00:00Z,https://en.wikipedia.org/wiki/Circuit_de_Nevers_Magny-Cours
silverstone,Silverstone Circuit,UK,2007-07-07,52.0786,Silverstone,-1.01694,British Grand Prix,9,2007,12:00:00Z,https://en.wikipedia.org/wiki/Silverstone_Circuit
nurburgring,Nürburgring,Germany,2007-07-21,50.3356,Nürburg,6.9475,European Grand Prix,10,2007,12:00:00Z,https://en.wikipedia.org/wiki/N%C3%BCrburgring
hungaroring,Hungaroring,Hungary,2007-08-04,47.5789,Budapest,19.2486,Hungarian Grand Prix,11,2007,12:00:00Z,https://en.wikipedia.org/wiki/Hungaroring
istanbul,Istanbul Park,Turkey,2007-08-25,40.9517,Istanbul,29.405,Turkish Grand Prix,12,2007,12:00:00Z,https://en.wikipedia.org/wiki/Istanbul_Park
monza,Autodromo Nazionale di Monza,Italy,2007-09-08,45.6156,Monza,9.28111,Italian Grand Prix,13,2007,12:00:00Z,https://en.wikipedia.org/wiki/Monza_Circuit
spa,Circuit de Spa-Francorchamps,Belgium,2007-09-15,50.4372,Spa,5.97139,Belgian Grand Prix,14,2007,12:00:00Z,https://en.wikipedia.org/wiki/Circuit_de_Spa-Francorchamps
fuji,Fuji Speedway,Japan,2007-09-29,35.3717,Oyama,138.927,Japanese Grand Prix,15,2007,04:30:00Z,https://en.wikipedia.org/wiki/Fuji_Speedway
shanghai,Shanghai International Circuit,China,2007-10-06,31.3389,Shanghai,121.22,Chinese Grand Prix,16,2007,06:00:00Z,https://en.wikipedia.org/wiki/Shanghai_International_Circuit
interlagos,Autódromo José Carlos Pace,Brazil,2007-10-20,-23.7036,São Paulo,-46.6997,Brazilian Grand Prix,17,2007,16:00:00Z,https://en.wikipedia.org/wiki/Interlagos_Circuit
albert_park,Albert Park Grand Prix Circuit,Australia,2008-03-15,-37.8497,Melbourne,144.968,Australian Grand Prix,1,2008,04:30:00Z,https://en.wikipedia.org/wiki/Albert_Park_Circuit
sepang,Sepang International Circuit,Malaysia,2008-03-22,2.76083,Kuala Lumpur,101.738,Malaysian Grand Prix,2,2008,07:00:00Z,https://en.wikipedia.org/wiki/Sepang_International_Circuit
bahrain,Bahrain International Circuit,Bahrain,2008-04-05,26.0325,Sakhir,50.5106,Bahrain Grand Prix,3,2008,11:30:00Z,https://en.wikipedia.org/wiki/Bahrain_International_Circuit
catalunya,Circuit de Barcelona-Catalunya,Spain,2008-04-26,41.57,Barcelona,2.26111,Spanish Grand Prix,4,2008,12:00:00Z,https://en.wikipedia.org/wiki/Circuit_de_Barcelona-Catalunya
istanbul,Istanbul Park,Turkey,2008-05-10,40.9517,Istanbul,29.405,Turkish Grand Prix,5,2008,12:00:00Z,https://en.wikipedia.org/wiki/Istanbul_Park
monaco,Circuit de Monaco,Monaco,2008-05-24,43.7347,Monte Carlo,7.42056,Monaco Grand Prix,6,2008,12:00:00Z,https://en.wikipedia.org/wiki/Circuit_de_Monaco
villeneuve,Circuit Gilles Villeneuve,Canada,2008-06-07,45.5,Montreal,-73.5228,Canadian Grand Prix,7,2008,17:00:00Z,https://en.wikipedia.org/wiki/Circuit_Gilles_Villeneuve
magny_cours,Circuit de Nevers Magny-Cours,France,2008-06-21,46.8642,Magny Cours,3.16361,French Grand Prix,8,2008,12:00:00Z,https://en.wikipedia.org/wiki/Circuit_de_Nevers_Magny-Cours
silverstone,Silverstone Circuit,UK,2008-07-05,52.0786,Silverstone,-1.01694,British Grand Prix,9,2008,12:00:00Z,https://en.wikipedia.org/wiki/Silverstone_Circuit
hockenheimring,Hockenheimring,Germany,2008-07-19,49.3278,Hockenheim,8.56583,German Grand Prix,10,2008,12:00:00Z,https://en.wikipedia.org/wiki/Hockenheimring
hungaroring,Hungaroring,Hungary,2008-08-02,47.5789,Budapest,19.2486,Hungarian Grand Prix,11,2008,12:00:00Z,https://en.wikipedia.org/wiki/Hungaroring
valencia,Valencia Street Circuit,Spain,2008-08-23,39.4589,Valencia,-0.331667,European Grand Prix,12,2008,12:00:00Z,https://en.wikipedia.org/wiki/Valencia_Street_Circuit
spa,Circuit de Spa-Francorchamps,Belgium,2008-09-06,50.4372,Spa,5.97139,Belgian Grand Prix,13,2008,12:00:00Z,https://en.wikipedia.org/wiki/Circuit_de_Spa-Francorchamps
monza,Autodromo Nazionale di Monza,Italy,2008-09-13,45.6156,Monza,9.28111,Italian Grand Prix,14,2008,12:00:00Z,https://en.wikipedia.org/wiki/Monza_Circuit
marina_bay,Marina Bay Street Circuit,Singapore,2008-09-27,1.2914,Marina Bay,103.864,Singapore Grand Prix,15,2008,12:00:00Z,https://en.wikipedia.org/wiki/Marina_Bay_Street_Circuit
fuji,Fuji Speedway,Japan,2008-10-11,35.3717,Oyama,138.927,Japanese Grand Prix,16,2008,04:30:00Z,https://en.wikipedia.org/wiki/Fuji_Speedway
shanghai,Shanghai International Circuit,China,2008-10-18,31.3389,Shanghai,121.22,Chinese Grand Prix,17,2008,07:00:00Z,https://en.wikipedia.org/wiki/Shanghai_International_Circuit
interlagos,Autódromo José Carlos Pace,Brazil,2008-11-01,-23.7036,São Paulo,-46.6997,Brazilian Grand Prix,18,2008,17:00:00Z,https://en.wikipedia.org/wiki/Interlagos_Circuit
albert_park,Albert Park Grand Prix Circuit,Australia,2009-03-28,-37.8497,Melbourne,144.968,Australian Grand Prix,1,2009,06:00:00Z,https://en.wikipedia.org/wiki/Albert_Park_Circuit
sepang,Sepang International Circuit,Malaysia,2009-04-04,2.76083,Kuala Lumpur,101.738,Malaysian Grand Prix,2,2009,09:00:00Z,https://en.wikipedia.org/wiki/Sepang_International_Circuit
shanghai,Shanghai International Circuit,China,2009-04-18,31.3389,Shanghai,121.22,Chinese Grand Prix,3,2009,07:00:00Z,https://en.wikipedia.org/wiki/Shanghai_International_Circuit
bahrain,Bahrain International Circuit,Bahrain,2009-04-25,26.0325,Sakhir,50.5106,Bahrain Grand Prix,4,2009,12:00:00Z,https://en.wikipedia.org/wiki/Bahrain_International_Circuit
catalunya,Circuit de Barcelona-Catalunya,Spain,2009-05-09,41.57,Barcelona,2.26111,Spanish Grand Prix,5,2009,12:00:00Z,https://en.wikipedia.org/wiki/Circuit_de_Barcelona-Catalunya
monaco,Circuit de Monaco,Monaco,2009-05-23,43.7347,Monte Carlo,7.42056,Monaco Grand Prix,6,2009,12:00:00Z,https://en.wikipedia.org/wiki/Circuit_de_Monaco
istanbul,Istanbul Park,Turkey,2009-06-06,40.9517,Istanbul,29.405,Turkish Grand Prix,7,2009,12:00:00Z,https://en.wikipedia.org/wiki/Istanbul_Park
silverstone,Silverstone Circuit,UK,2009-06-20,52.0786,Silverstone,-1.01694,British Grand Prix,8,2009,12:00:00Z,https://en.wikipedia.org/wiki/Silverstone_Circuit
nurburgring,Nürburgring,Germany,2009-07-11,50.3356,Nürburg,6.9475,German Grand Prix,9,2009,12:00:00Z,https://en.wikipedia.org/wiki/N%C3%BCrburgring
hungaroring,Hungaroring,Hungary,2009-07-25,47.5789,Budapest,19.2486,Hungarian Grand Prix,10,2009,12:00:00Z,https://en.wikipedia.org/wiki/Hungaroring
valencia,Valencia Street Circuit,Spain,2009-08-22,39.4589,Valencia,-0.331667,European Grand Prix,11,2009,12:00:00Z,https://en.wikipedia.org/wiki/Valencia_Street_Circuit
spa,Circuit de Spa-Francorchamps,Belgium,2009-08-29,50.4372,Spa,5.97139,Belgian Grand Prix,12,2009,12:00:00Z,https://en.wikipedia.org/wiki/Circuit_de_Spa-Francorchamps
monza,Autodromo Nazionale di Monza,Italy,2009-09-12,45.6156,Monza,9.28111,Italian Grand Prix,13,2009,12:00:00Z,https://en.wikipedia.org/wiki/Monza_Circuit
marina_bay,Marina Bay Street Circuit,Singapore,2009-09-26,1.2914,Marina Bay,103.864,Singapore Grand Prix,14,2009,12:00:00Z,https://en.wikipedia.org/wiki/Marina_Bay_Street_Circuit
suzuka,Suzuka Circuit,Japan,2009-10-03,34.8431,Suzuka,136.541,Japanese Grand Prix,15,2009,05:00:00Z,https://en.wikipedia.org/wiki/Suzuka_International_Racing_Course
interlagos,Autódromo José Carlos Pace,Brazil,2009-10-17,-23.7036,São Paulo,-46.6997,Brazilian Grand Prix,16,2009,16:00:00Z,https://en.wikipedia.org/wiki/Interlagos_Circuit
yas_marina,Yas Marina Circuit,UAE,2009-10-31,24.4672,Abu Dhabi,54.6031,Abu Dhabi Grand Prix,17,2009,11:00:00Z,https://en.wikipedia.org/wiki/Yas_Marina_Circuit
bahrain,Bahrain International Circuit,Bahrain,2010-03-13,26.0325,Sakhir,50.5106,Bahrain Grand Prix,1,2010,12:00:00Z,https://en.wikipedia.org/wiki/Bahrain_International_Circuit
albert_park,Albert Park Grand Prix Circuit,Australia,2010-03-27,-37.8497,Melbourne,144.968,Australian Grand Prix,2,2010,06:00:00Z,https://en.wikipedia.org/wiki/Albert_Park_Circuit
sepang,Sepang International Circuit,Malaysia,2010-04-03,2.76083,Kuala Lumpur,101.738,Malaysian Grand Prix,3,2010,08:00:00Z,https://en.wikipedia.org/wiki/Sepang_International_Circuit
shanghai,Shanghai International Circuit,China,2010-04-17,31.3389,Shanghai,121.22,Chinese Grand Prix,4,2010,06:00:00Z,https://en.wikipedia.org/wiki/Shanghai_International_Circuit
catalunya,Circuit de Barcelona-Catalunya,Spain,2010-05-08,41.57,Barcelona,2.26111,Spanish Grand Prix,5,2010,12:00:00Z,https://en.wikipedia.org/wiki/Circuit_de_Barcelona-Catalunya
monaco,Circuit de Monaco,Monaco,2010-05-15,43.7347,Monte Carlo,7.42056,Monaco Grand Prix,6,2010,12:00:00Z,https://en.wikipedia.org/wiki/Circuit_de_Monaco
istanbul,Istanbul Park,Turkey,2010-05-29,40.9517,Istanbul,29.405,Turkish Grand Prix,7,2010,11:00:00Z,https://en.wikipedia.org/wiki/Istanbul_Park
villeneuve,Circuit Gilles Villeneuve,Canada,2010-06-12,45.5,Montreal,-73.5228,Canadian Grand Prix,8,2010,16:00:00Z,https://en.wikipedia.org/wiki/Circuit_Gilles_Villeneuve
valencia,Valencia Street Circuit,Spain,2010-06-26,39.4589,Valencia,-0.331667,European Grand Prix,9,2010,12:00:00Z,https://en.wikipedia.org/wiki/Valencia_Street_Circuit
silverstone,Silverstone Circuit,UK,2010-07-10,52.0786,Silverstone,-1.01694,British Grand Prix,10,2010,12:00:00Z,https://en.wikipedia.org/wiki/Silverstone_Circuit
hockenheimring,Hockenheimring,Germany,2010-07-24,49.3278,Hockenheim,8.56583,German Grand Prix,11,2010,12:00:00Z,https://en.wikipedia.org/wiki/Hockenheimring
hungaroring,Hungaroring,Hungary,2010-07-31,47.5789,Budapest,19.2486,Hungarian Grand Prix,12,2010,12:00:00Z,https://en.wikipedia.org/wiki/Hungaroring
spa,Circuit de Spa-Francorchamps,Belgium,2010-08-28,50.4372,Spa,5.97139,Belgian Grand Prix,13,2010,12:00:00Z,https://en.wikipedia.org/wiki/Circuit_de_Spa-Francorchamps
monza,Autodromo Nazionale di Monza,Italy,2010-09-11,45.6156,Monza,9.28111,Italian Grand Prix,14,2010,12:00:00Z,https://en.wikipedia.org/wiki/Monza_Circuit
marina_bay,Marina Bay Street Circuit,Singapore,2010-09-25,1.2914,Marina Bay,103.864,Singapore Grand Prix,15,2010,12:00:00Z,https://en.wikipedia.org/wiki/Marina_Bay_Street_Circuit
suzuka,Suzuka Circuit,Japan,2010-10-09,34.8431,Suzuka,136.541,Japanese Grand Prix,16,2010,06:00:00Z,https://en.wikipedia.org/wiki/Suzuka_International_Racing_Course
yeongam,Korean International Circuit,Korea,2010-10-23,34.7333,Yeongam County,126.417,Korean Grand Prix,17,2010,05:00:00Z,https://en.wikipedia.org/wiki/Korea_International_Circuit
interlagos,Autódromo José Carlos Pace,Brazil,2010-11-06,-23.7036,São Paulo,-46.6997,Brazilian Grand Prix,18,2010,16:00:00Z,https://en.wikipedia.org/wiki/Interlagos_Circuit
yas_marina,Yas Marina Circuit,UAE,2010-11-13,24.4672,Abu Dhabi,54.6031,Abu Dhabi Grand Prix,19,2010,13:00:00Z,https://en.wikipedia.org/wiki/Yas_Marina_Circuit
albert_park,Albert Park Grand Prix Circuit,Australia,2011-03-26,-37.8497,Melbourne,144.968,Australian Grand Prix,1,2011,06:00:00Z,https://en.wikipedia.org/wiki/Albert_Park_Circuit
sepang,Sepang International Circuit,Malaysia,2011-04-09,2.76083,Kuala Lumpur,101.738,Malaysian Grand Prix,2,2011,08:00:00Z,https://en.wikipedia.org/wiki/Sepang_International_Circuit
shanghai,Shanghai International Circuit,China,2011-04-16,31.3389,Shanghai,121.22,Chinese Grand Prix,3,2011,07:00:00Z,https://en.wikipedia.org/wiki/Shanghai_International_Circuit
istanbul,Istanbul Park,Turkey,2011-05-07,40.9517,Istanbul,29.405,Turkish Grand Prix,4,2011,12:00:00Z,https://en.wikipedia.org/wiki/Istanbul_Park
catalunya,Circuit de Barcelona-Catalunya,Spain,2011-05-21,41.57,Barcelona,2.26111,Spanish Grand Prix,5,2011,12:00:00Z,https://en.wikipedia.org/wiki/Circuit_de_Barcelona-Catalunya
monaco,Circuit de Monaco,Monaco,2011-05-28,43.7347,Monte Carlo,7.42056,Monaco Grand Prix,6,2011,12:00:00Z,https://en.wikipedia.org/wiki/Circuit_de_Monaco
villeneuve,Circuit Gilles Villeneuve,Canada,2011-06-11,45.5,Montreal,-73.5228,Canadian Grand Prix,7,2011,17:00:00Z,https://en.wikipedia.org/wiki/Circuit_Gilles_Villeneuve
valencia,Valencia Street Circuit,Spain,2011-06-25,39.4589,Valencia,-0.331667,European Grand Prix,8,2011,12:00:00Z,https://en.wikipedia.org/wiki/Valencia_Street_Circuit
silverstone,Silverstone Circuit,UK,2011-07-09,52.0786,Silverstone,-1.01694,British Grand Prix,9,2011,12:00:00Z,https://en.wikipedia.org/wiki/Silverstone_Circuit
nurburgring,Nürburgring,Germany,2011-07-23,50.3356,Nürburg,6.9475,German Grand Prix,10,2011,12:00:00Z,https://en.wikipedia.org/wiki/N%C3%BCrburgring
hungaroring,Hungaroring,Hungary,2011-07-30,47.5789,Budapest,19.2486,Hungarian Grand Prix,11,2011,12:00:00Z,https://en.wikipedia.org/wiki/Hungaroring
spa,Circuit de Spa-Francorchamps,Belgium,2011-08-27,50.4372,Spa,5.97139,Belgian Grand Prix,12,2011,12:00:00Z,https://en.wikipedia.org/wiki/Circuit_de_Spa-Francorchamps
monza,Autodromo Nazionale di Monza,Italy,2011-09-10,45.6156,Monza,9.28111,Italian Grand Prix,13,2011,12:00:00Z,https://en.wikipedia.org/wiki/Monza_Circuit
marina_bay,Marina Bay Street Circuit,Singapore,2011-09-24,1.2914,Marina Bay,103.864,Singapore Grand Prix,14,2011,12:00:00Z,https://en.wikipedia.org/wiki/Marina_Bay_Street_Circuit
suzuka,Suzuka Circuit,Japan,2011-10-08,34.8431,Suzuka,136.541,Japanese Grand Prix,15,2011,06:00:00Z,https://en.wikipedia.org/wiki/Suzuka_International_Racing_Course
yeongam,Korean International Circuit,Korea,2011-10-15,34.7333,Yeongam County,126.417,Korean Grand Prix,16,2011,06:00:00Z,https://en.wikipedia.org/wiki/Korea_International_Circuit
buddh,Buddh International Circuit,India,2011-10-29,28.3487,Uttar Pradesh,77.5331,Indian Grand Prix,17,2011,09:30:00Z,https://en.wikipedia.org/wiki/Buddh_International_Circuit
yas_marina,Yas Marina Circuit,UAE,2011-11-12,24.4672,Abu Dhabi,54.6031,Abu Dhabi Grand Prix,18,2011,13:00:00Z,https://en.wikipedia.org/wiki/Yas_Marina_Circuit
interlagos,Autódromo José Carlos Pace,Brazil,2011-11-26,-23.7036,São Paulo,-46.6997,Brazilian Grand Prix,19,2011,16:00:00Z,https://en.wikipedia.org/wiki/Interlagos_Circuit
albert_park,Albert Park Grand Prix Circuit,Australia,2012-03-17,-37.8497,Melbourne,144.968,Australian Grand Prix,1,2012,06:00:00Z,https://en.wikipedia.org/wiki/Albert_Park_Circuit
sepang,Sepang International Circuit,Malaysia,2012-03-24,2.76083,Kuala Lumpur,101.738,Malaysian Grand Prix,2,2012,08:00:00Z,https://en.wikipedia.org/wiki/Sepang_International_Circuit
shanghai,Shanghai International Circuit,China,2012-04-14,31.3389,Shanghai,121.22,Chinese Grand Prix,3,2012,07:00:00Z,https://en.wikipedia.org/wiki/Shanghai_International_Circuit
bahrain,Bahrain International Circuit,Bahrain,2012-04-21,26.0325,Sakhir,50.5106,Bahrain Grand Prix,4,2012,12:00:00Z,https://en.wikipedia.org/wiki/Bahrain_International_Circuit
catalunya,Circuit de Barcelona-Catalunya,Spain,2012-05-12,41.57,Barcelona,2.26111,Spanish Grand Prix,5,2012,12:00:00Z,https://en.wikipedia.org/wiki/Circuit_de_Barcelona-Catalunya
monaco,Circuit de Monaco,Monaco,2012-05-26,43.7347,Monte Carlo,7.42056,Monaco Grand Prix,6,2012,12:00:00Z,https://en.wikipedia.org/wiki/Circuit_de_Monaco
villeneuve,Circuit Gilles Villeneuve,Canada,2012-06-09,45.5,Montreal,-73.5228,Canadian Grand Prix,7,2012,18:00:00Z,https://en.wikipedia.org/wiki/Circuit_Gilles_Villeneuve
valencia,Valencia Street Circuit,Spain,2012-06-23,39.4589,Valencia,-0.331667,European Grand Prix,8,2012,12:00:00Z,https://en.wikipedia.org/wiki/Valencia_Street_Circuit
silverstone,Silverstone Circuit,UK,2012-07-07,52.0786,Silverstone,-1.01694,British Grand Prix,9,2012,12:00:00Z,https://en.wikipedia.org/wiki/Silverstone_Circuit
hockenheimring,Hockenheimring,Germany,2012-07-21,49.3278,Hockenheim,8.56583,German Grand Prix,10,2012,12:00:00Z,https://en.wikipedia.org/wiki/Hockenheimring
hungaroring,Hungaroring,Hungary,2012-07-28,47.5789,Budapest,19.2486,Hungarian Grand Prix,11,2012,12:00:00Z,https://en.wikipedia.org/wiki/Hungaroring
spa,Circuit de Spa-Francorchamps,Belgium,2012-09-01,50.4372,Spa,5.97139,Belgian Grand Prix,12,2012,12:00:00Z,https://en.wikipedia.org/wiki/Circuit_de_Spa-Francorchamps
monza,Autodromo Nazionale di Monza,Italy,2012-09-08,45.6156,Monza,9.28111,Italian Grand Prix,13,2012,12:00:00Z,https://en.wikipedia.org/wiki/Monza_Circuit
marina_bay,Marina Bay Street Circuit,Singapore,2012-09-22,1.2914,Marina Bay,103.864,Singapore Grand Prix,14,2012,12:00:00Z,https://en.wikipedia.org/wiki/Marina_Bay_Street_Circuit
suzuka,Suzuka Circuit,Japan,2012-10-06,34.8431,Suzuka,136.541,Japanese Grand Prix,15,2012,06:00:00Z,https://en.wikipedia.org/wiki/Suzuka_International_Racing_Course
yeongam,Korean International Circuit,Korea,2012-10-13,34.7333,Yeongam County,126.417,Korean Grand Prix,16,2012,06:00:00Z,https://en.wikipedia.org/wiki/Korea_International_Circuit
buddh,Buddh International Circuit,India,2012-10-27,28.3487,Uttar Pradesh,77.5331,Indian Grand Prix,17,2012,09:30:00Z,https://en.wikipedia.org/wiki/Buddh_International_Circuit
yas_marina,Yas Marina Circuit,UAE,2012-11-03,24.4672,Abu Dhabi,54.6031,Abu Dhabi Grand Prix,18,2012,13:00:00Z,https://en.wikipedia.org/wiki/Yas_Marina_Circuit
americas,Circuit of the Americas,USA,2012-11-17,30.1328,Austin,-97.6411,United States Grand Prix,19,2012,19:00:00Z,https://en.wikipedia.org/wiki/Circuit_of_the_Americas
interlagos,Autódromo José Carlos Pace,Brazil,2012-11-24,-23.7036,São Paulo,-46.6997,Brazilian Grand Prix,20,2012,16:00:00Z,https://en.wikipedia.org/wiki/Interlagos_Circuit
albert_park,Albert Park Grand Prix Circuit,Australia,2013-03-16,-37.8497,Melbourne,144.968,Australian Grand Prix,1,2013,06:00:00Z,https://en.wikipedia.org/wiki/Albert_Park_Circuit
sepang,Sepang International Circuit,Malaysia,2013-03-23,2.76083,Kuala Lumpur,101.738,Malaysian Grand Prix,2,2013,08:00:00Z,https://en.wikipedia.org/wiki/Sepang_International_Circuit
shanghai,Shanghai International Circuit,China,2013-04-13,31.3389,Shanghai,121.22,Chinese Grand Prix,3,2013,07:00:00Z,https://en.wikipedia.org/wiki/Shanghai_International_Circuit
bahrain,Bahrain International Circuit,Bahrain,2013-04-20,26.0325,Sakhir,50.5106,Bahrain Grand Prix,4,2013,12:00:00Z,https://en.wikipedia.org/wiki/Bahrain_International_Circuit
catalunya,Circuit de Barcelona-Catalunya,Spain,2013-05-11,41.57,Barcelona,2.26111,Spanish Grand Prix,5,2013,12:00:00Z,https://en.wikipedia.org/wiki/Circuit_de_Barcelona-Catalunya
monaco,Circuit de Monaco,Monaco,2013-05-25,43.7347,Monte Carlo,7.42056,Monaco Grand Prix,6,2013,12:00:00Z,https://en.wikipedia.org/wiki/Circuit_de_Monaco
villeneuve,Circuit Gilles Villeneuve,Canada,2013-06-08,45.5,Montreal,-73.5228,Canadian Grand Prix,7,2013,18:00:00Z,https://en.wikipedia.org/wiki/Circuit_Gilles_Villeneuve
silverstone,Silverstone Circuit,UK,2013-06-29,52.0786,Silverstone,-1.01694,British Grand Prix,8,2013,12:00:00Z,https://en.wikipedia.org/wiki/Silverstone_Circuit
nurburgring,Nürburgring,Germany,2013-07-06,50.3356,Nürburg,6.9475,German Grand Prix,9,2013,12:00:00Z,https://en.wikipedia.org/wiki/N%C3%BCrburgring
hungaroring,Hungaroring,Hungary,2013-07-27,47.5789,Budapest,19.2486,Hungarian Grand Prix,10,2013,12:00:00Z,https://en.wikipedia.org/wiki/Hungaroring
spa,Circuit de Spa-Francorchamps,Belgium,2013-08-24,50.4372,Spa,5.97139,Belgian Grand Prix,11,2013,12:00:00Z,https://en.wikipedia.org/wiki/Circuit_de_Spa-Francorchamps
monza,Autodromo Nazionale di Monza,Italy,2013-09-07,45.6156,Monza,9.28111,Italian Grand Prix,12,2013,12:00:00Z,https://en.wikipedia.org/wiki/Monza_Circuit
marina_bay,Marina Bay Street Circuit,Singapore,2013-09-21,1.2914,Marina Bay,103.864,Singapore Grand Prix,13,2013,12:00:00Z,https://en.wikipedia.org/wiki/Marina_Bay_Street_Circuit
yeongam,Korean International Circuit,Korea,2013-10-05,34.7333,Yeongam County,126.417,Korean Grand Prix,14,2013,06:00:00Z,https://en.wikipedia.org/wiki/Korea_International_Circuit
suzuka,Suzuka Circuit,Japan,2013-10-12,34.8431,Suzuka,136.541,Japanese Grand Prix,15,2013,06:00:00Z,https://en.wikipedia.org/wiki/Suzuka_International_Racing_Course
buddh,Buddh International Circuit,India,2013-10-26,28.3487,Uttar Pradesh,77.5331,Indian Grand Prix,16,2013,09:30:00Z,https://en.wikipedia.org/wiki/Buddh_International_Circuit
yas_marina,Yas Marina Circuit,UAE,2013-11-02,24.4672,Abu Dhabi,54.6031,Abu Dhabi Grand Prix,17,2013,13:00:00Z,https://en.wikipedia.org/wiki/Yas_Marina_Circuit
americas,Circuit of the Americas,USA,2013-11-16,30.1328,Austin,-97.6411,United States Grand Prix,18,2013,19:00:00Z,https://en.wikipedia.org/wiki/Circuit_of_the_Americas
interlagos,Autódromo José Carlos Pace,Brazil,2013-11-23,-23.7036,São Paulo,-46.6997,Brazilian Grand Prix,19,2013,16:00:00Z,https://en.wikipedia.org/wiki/Interlagos_Circuit
albert_park,Albert Park Grand Prix Circuit,Australia,2014-03-15,-37.8497,Melbourne,144.968,Australian Grand Prix,1,2014,06:00:00Z,https://en.wikipedia.org/wiki/Albert_Park_Circuit
sepang,Sepang International Circuit,Malaysia,2014-03-29,2.76083,Kuala Lumpur,101.738,Malaysian Grand Prix,2,2014,08:00:00Z,https://en.wikipedia.org/wiki/Sepang_International_Circuit
bahrain,Bahrain International Circuit,Bahrain,2014-04-05,26.0325,Sakhir,50.5106,Bahrain Grand Prix,3,2014,15:00:00Z,https://en.wikipedia.org/wiki/Bahrain_International_Circuit
shanghai,Shanghai International Circuit,China,2014-04-19,31.3389,Shanghai,121.22,Chinese Grand Prix,4,2014,07:00:00Z,https://en.wikipedia.org/wiki/Shanghai_International_Circuit
catalunya,Circuit de Barcelona-Catalunya,Spain,2014-05-10,41.57,Barcelona,2.26111,Spanish Grand Prix,5,2014,12:00:00Z,https://en.wikipedia.org/wiki/Circuit_de_Barcelona-Catalunya
monaco,Circuit de Monaco,Monaco,2014-05-24,43.7347,Monte Carlo,7.42056,Monaco Grand Prix,6,2014,12:00:00Z,https://en.wikipedia.org/wiki/Circuit_de_Monaco
villeneuve,Circuit Gilles Villeneuve,Canada,2014-06-07,45.5,Montreal,-73.5228,Canadian Grand Prix,7,2014,18:00:00Z,https://en.wikipedia.org/wiki/Circuit_Gilles_Villeneuve
red_bull_ring,Red Bull Ring,Austria,2014-06-21,47.2197,Spielberg,14.7647,Austrian Grand Prix,8,2014,12:00:00Z,https://en.wikipedia.org/wiki/Red_Bull_Ring
silverstone,Silverstone Circuit,UK,2014-07-05,52.0786,Silverstone,-1.01694,British Grand Prix,9,2014,12:00:00Z,https://en.wikipedia.org/wiki/Silverstone_Circuit
hockenheimring,Hockenheimring,Germany,2014-07-19,49.3278,Hockenheim,8.56583,German Grand Prix,10,2014,12:00:00Z,https://en.wikipedia.org/wiki/Hockenheimring
hungaroring,Hungaroring,Hungary,2014-07-26,47.5789,Budapest,19.2486,Hungarian Grand Prix,11,2014,12:00:00Z,https://en.wikipedia.org/wiki/Hungaroring
spa,Circuit de Spa-Francorchamps,Belgium,2014-08-23,50.4372,Spa,5.97139,Belgian Grand Prix,12,2014,12:00:00Z,https://en.wikipedia.org/wiki/Circuit_de_Spa-Francorchamps
monza,Autodromo Nazionale di Monza,Italy,2014-09-06,45.6156,Monza,9.28111,Italian Grand Prix,13,2014,12:00:00Z,https://en.wikipedia.org/wiki/Monza_Circuit
marina_bay,Marina Bay Street Circuit,Singapore,2014-09-20,1.2914,Marina Bay,103.864,Singapore Grand Prix,14,2014,12:00:00Z,https://en.wikipedia.org/wiki/Marina_Bay_Street_Circuit
suzuka,Suzuka Circuit,Japan,2014-10-04,34.8431,Suzuka,136.541,Japanese Grand Prix,15,2014,06:00:00Z,https://en.wikipedia.org/wiki/Suzuka_International_Racing_Course
sochi,Sochi Autodrom,Russia,2014-10-11,43.4057,Sochi,39.9578,Russian Grand Prix,16,2014,11:00:00Z,https://en.wikipedia.org/wiki/Sochi_Autodrom
americas,Circuit of the Americas,USA,2014-11-01,30.1328,Austin,-97.6411,United States Grand Prix,17,2014,20:00:00Z,https://en.wikipedia.org/wiki/Circuit_of_the_Americas
interlagos,Autódromo José Carlos Pace,Brazil,2014-11-08,-23.7036,São Paulo,-46.6997,Brazilian Grand Prix,18,2014,16:00:00Z,https://en.wikipedia.org/wiki/Interlagos_Circuit
yas_marina,Yas Marina Circuit,UAE,2014-11-22,24.4672,Abu Dhabi,54.6031,Abu Dhabi Grand Prix,19,2014,13:00:00Z,https://en.wikipedia.org/wiki/Yas_Marina_Circuit
albert_park,Albert Park Grand Prix Circuit,Australia,2015-03-14,-37.8497,Melbourne,144.968,Australian Grand Prix,1,2015,05:00:00Z,https://en.wikipedia.org/wiki/Albert_Park_Circuit
sepang,Sepang International Circuit,Malaysia,2015-03-28,2.76083,Kuala Lumpur,101.738,Malaysian Grand Prix,2,2015,07:00:00Z,https://en.wikipedia.org/wiki/Sepang_International_Circuit
shanghai,Shanghai International Circuit,China,2015-04-11,31.3389,Shanghai,121.22,Chinese Grand Prix,3,2015,06:00:00Z,https://en.wikipedia.org/wiki/Shanghai_International_Circuit
bahrain,Bahrain International Circuit,Bahrain,2015-04-18,26.0325,Sakhir,50.5106,Bahrain Grand Prix,4,2015,15:00:00Z,https://en.wikipedia.org/wiki/Bahrain_International_Circuit
catalunya,Circuit de Barcelona-Catalunya,Spain,2015-05-09,41.57,Barcelona,2.26111,Spanish Grand Prix,5,2015,12:00:00Z,https://en.wikipedia.org/wiki/Circuit_de_Barcelona-Catalunya
monaco,Circuit de Monaco,Monaco,2015-05-23,43.7347,Monte Carlo,7.42056,Monaco Grand Prix,6,2015,12:00:00Z,https://en.wikipedia.org/wiki/Circuit_de_Monaco
villeneuve,Circuit Gilles Villeneuve,Canada,2015-06-06,45.5,Montreal,-73.5228,Canadian Grand Prix,7,2015,18:00:00Z,https://en.wikipedia.org/wiki/Circuit_Gilles_Villeneuve
red_bull_ring,Red Bull Ring,Austria,2015-06-20,47.2197,Spielberg,14.7647,Austrian Grand Prix,8,2015,12:00:00Z,https://en.wikipedia.org/wiki/Red_Bull_Ring
silverstone,Silverstone Circuit,UK,2015-07-04,52.0786,Silverstone,-1.01694,British Grand Prix,9,2015,12:00:00Z,https://en.wikipedia.org/wiki/Silverstone_Circuit
hungaroring,Hungaroring,Hungary,2015-07-25,47.5789,Budapest,19.2486,Hungarian Grand Prix,10,2015,12:00:00Z,https://en.wikipedia.org/wiki/Hungaroring
spa,Circuit de Spa-Francorchamps,Belgium,2015-08-22,50.4372,Spa,5.97139,Belgian Grand Prix,11,2015,12:00:00Z,https://en.wikipedia.org/wiki/Circuit_de_Spa-Francorchamps
monza,Autodromo Nazionale di Monza,Italy,2015-09-05,45.6156,Monza,9.28111,Italian Grand Prix,12,2015,12:00:00Z,https://en.wikipedia.org/wiki/Monza_Circuit
marina_bay,Marina Bay Street Circuit,Singapore,2015-09-19,1.2914,Marina Bay,103.864,Singapore Grand Prix,13,2015,12:00:00Z,https://en.wikipedia.org/wiki/Marina_Bay_Street_Circuit
suzuka,Suzuka Circuit,Japan,2015-09-26,34.8431,Suzuka,136.541,Japanese Grand Prix,14,2015,05:00:00Z,https://en.wikipedia.org/wiki/Suzuka_International_Racing_Course
sochi,Sochi Autodrom,Russia,2015-10-10,43.4057,Sochi,39.9578,Russian Grand Prix,15,2015,11:00:00Z,https://en.wikipedia.org/wiki/Sochi_Autodrom
americas,Circuit of the Americas,USA,2015-10-24,30.1328,Austin,-97.6411,United States Grand Prix,16,2015,19:00:00Z,https://en.wikipedia.org/wiki/Circuit_of_the_Americas
rodriguez,Autódromo Hermanos Rodríguez,Mexico,2015-10-31,19.4042,Mexico City,-99.0907,Mexican Grand Prix,17,2015,19:00:00Z,https://en.wikipedia.org/wiki/Aut%C3%B3dromo_Hermanos_Rodr%C3%ADguez
interlagos,Autódromo José Carlos Pace,Brazil,2015-11-14,-23.7036,São Paulo,-46.6997,Brazilian Grand Prix,18,2015,16:00:00Z,https://en.wikipedia.org/wiki/Interlagos_Circuit
yas_marina,Yas Marina Circuit,UAE,2015-11-28,24.4672,Abu Dhabi,54.6031,Abu Dhabi Grand Prix,19,2015,13:00:00Z,https://en.wikipedia.org/wiki/Yas_Marina_Circuit
albert_park,Albert Park Grand Prix Circuit,Australia,2016-03-19,-37.8497,Melbourne,144.968,Australian Grand Prix,1,2016,05:00:00Z,https://en.wikipedia.org/wiki/Albert_Park_Circuit
bahrain,Bahrain International Circuit,Bahrain,2016-04-02,26.0325,Sakhir,50.5106,Bahrain Grand Prix,2,2016,15:00:00Z,https://en.wikipedia.org/wiki/Bahrain_International_Circuit
shanghai,Shanghai International Circuit,China,2016-04-16,31.3389,Shanghai,121.22,Chinese Grand Prix,3,2016,06:00:00Z,https://en.wikipedia.org/wiki/Shanghai_International_Circuit
sochi,Sochi Autodrom,Russia,2016-04-30,43.4057,Sochi,39.9578,Russian Grand Prix,4,2016,12:00:00Z,https://en.wikipedia.org/wiki/Sochi_Autodrom
catalunya,Circuit de Barcelona-Catalunya,Spain,2016-05-14,41.57,Barcelona,2.26111,Spanish Grand Prix,5,2016,12:00:00Z,https://en.wikipedia.org/wiki/Circuit_de_Barcelona-Catalunya
monaco,Circuit de Monaco,Monaco,2016-05-28,43.7347,Monte Carlo,7.42056,Monaco Grand Prix,6,2016,12:00:00Z,https://en.wikipedia.org/wiki/Circuit_de_Monaco
villeneuve,Circuit Gilles Villeneuve,Canada,2016-06-11,45.5,Montreal,-73.5228,Canadian Grand Prix,7,2016,18:00:00Z,https://en.wikipedia.org/wiki/Circuit_Gilles_Villeneuve
baku,Baku City Circuit,Azerbaijan,2016-06-18,40.3725,Baku,49.8533,European Grand Prix,8,2016,13:00:00Z,https://en.wikipedia.org/wiki/Baku_City_Circuit
red_bull_ring,Red Bull Ring,Austria,2016-07-02,47.2197,Spielberg,14.7647,Austrian Grand Prix,9,2016,12:00:00Z,https://en.wikipedia.org/wiki/Red_Bull_Ring
silverstone,Silverstone Circuit,UK,2016-07-09,52.0786,Silverstone,-1.01694,British Grand Prix,10,2016,12:00:00Z,https://en.wikipedia.org/wiki/Silverstone_Circuit
hungaroring,Hungaroring,Hungary,2016-07-23,47.5789,Budapest,19.2486,Hungarian Grand Prix,11,2016,12:00:00Z,https://en.wikipedia.org/wiki/Hungaroring
hockenheimring,Hockenheimring,Germany,2016-07-30,49.3278,Hockenheim,8.56583,German Grand Prix,12,2016,12:00:00Z,https://en.wikipedia.org/wiki/Hockenheimring
spa,Circuit de Spa-Francorchamps,Belgium,2016-08-27,50.4372,Spa,5.97139,Belgian Grand Prix,13,2016,12:00:00Z,https://en.wikipedia.org/wiki/Circuit_de_Spa-Francorchamps
monza,Autodromo Nazionale di Monza,Italy,2016-09-03,45.6156,Monza,9.28111,Italian Grand Prix,14,2016,12:00:00Z,https://en.wikipedia.org/wiki/Monza_Circuit
marina_bay,Marina Bay Street Circuit,Singapore,2016-09-17,1.2914,Marina Bay,103.864,Singapore Grand Prix,15,2016,12:00:00Z,https://en.wikipedia.org/wiki/Marina_Bay_Street_Circuit
sepang,Sepang International Circuit,Malaysia,2016-10-01,2.76083,Kuala Lumpur,101.738,Malaysian Grand Prix,16,2016,07:00:00Z,https://en.wikipedia.org/wiki/Sepang_International_Circuit
suzuka,Suzuka Circuit,Japan,2016-10-08,34.8431,Suzuka,136.541,Japanese Grand Prix,17,2016,05:00:00Z,https://en.wikipedia.org/wiki/Suzuka_International_Racing_Course
americas,Circuit of the Americas,USA,2016-10-22,30.1328,Austin,-97.6411,United States Grand Prix,18,2016,19:00:00Z,https://en.wikipedia.org/wiki/Circuit_of_the_Americas
rodriguez,Autódromo Hermanos Rodríguez,Mexico,2016-10-29,19.4042,Mexico City,-99.0907,Mexican Grand Prix,19,2016,19:00:00Z,https://en.wikipedia.org/wiki/Aut%C3%B3dromo_Hermanos_Rodr%C3%ADguez
interlagos,Autódromo José Carlos Pace,Brazil,2016-11-12,-23.7036,São Paulo,-46.6997,Brazilian Grand Prix,20,2016,16:00:00Z,https://en.wikipedia.org/wiki/Interlagos_Circuit
yas_marina,Yas Marina Circuit,UAE,2016-11-26,24.4672,Abu Dhabi,54.6031,Abu Dhabi Grand Prix,21,2016,13:00:00Z,https://en.wikipedia.org/wiki/Yas_Marina_Circuit
albert_park,Albert Park Grand Prix Circuit,Australia,2017-03-25,-37.8497,Melbourne,144.968,Australian Grand Prix,1,2017,05:00:00Z,https://en.wikipedia.org/wiki/Albert_Park_Circuit
shanghai,Shanghai International Circuit,China,2017-04-08,31.3389,Shanghai,121.22,Chinese Grand Prix,2,2017,06:00:00Z,https://en.wikipedia.org/wiki/Shanghai_International_Circuit
bahrain,Bahrain International Circuit,Bahrain,2017-04-15,26.0325,Sakhir,50.5106,Bahrain Grand Prix,3,2017,15:00:00Z,https://en.wikipedia.org/wiki/Bahrain_International_Circuit
sochi,Sochi Autodrom,Russia,2017-04-29,43.4057,Sochi,39.9578,Russian Grand Prix,4,2017,12:00:00Z,https://en.wikipedia.org/wiki/Sochi_Autodrom
catalunya,Circuit de Barcelona-Catalunya,Spain,2017-05-13,41.57,Barcelona,2.26111,Spanish Grand Prix,5,2017,12:00:00Z,https://en.wikipedia.org/wiki/Circuit_de_Barcelona-Catalunya
monaco,Circuit de Monaco,Monaco,2017-05-27,43.7347,Monte Carlo,7.42056,Monaco Grand Prix,6,2017,12:00:00Z,https://en.wikipedia.org/wiki/Circuit_de_Monaco
villeneuve,Circuit Gilles Villeneuve,Canada,2017-06-10,45.5,Montreal,-73.5228,Canadian Grand Prix,7,2017,18:00:00Z,https://en.wikipedia.org/wiki/Circuit_Gilles_Villeneuve
baku,Baku City Circuit,Azerbaijan,2017-06-24,40.3725,Baku,49.8533,Azerbaijan Grand Prix,8,2017,13:00:00Z,https://en.wikipedia.org/wiki/Baku_City_Circuit
red_bull_ring,Red Bull Ring,Austria,2017-07-08,47.2197,Spielberg,14.7647,Austrian Grand Prix,9,2017,12:00:00Z,https://en.wikipedia.org/wiki/Red_Bull_Ring
silverstone,Silverstone Circuit,UK,2017-07-15,52.0786,Silverstone,-1.01694,British Grand Prix,10,2017,12:00:00Z,https://en.wikipedia.org/wiki/Silverstone_Circuit
hungaroring,Hungaroring,Hungary,2017-07-29,47.5789,Budapest,19.2486,Hungarian Grand Prix,11,2017,12:00:00Z,https://en.wikipedia.org/wiki/Hungaroring
spa,Circuit de Spa-Francorchamps,Belgium,2017-08-26,50.4372,Spa,5.97139,Belgian Grand Prix,12,2017,12:00:00Z,https://en.wikipedia.org/wiki/Circuit_de_Spa-Francorchamps
monza,Autodromo Nazionale di Monza,Italy,2017-09-02,45.6156,Monza,9.28111,Italian Grand Prix,13,2017,12:00:00Z,https://en.wikipedia.org/wiki/Monza_Circuit
marina_bay,Marina Bay Street Circuit,Singapore,2017-09-16,1.2914,Marina Bay,103.864,Singapore Grand Prix,14,2017,12:00:00Z,https://en.wikipedia.org/wiki/Marina_Bay_Street_Circuit
sepang,Sepang International Circuit,Malaysia,2017-09-30,2.76083,Kuala Lumpur,101.738,Malaysian Grand Prix,15,2017,07:00:00Z,https://en.wikipedia.org/wiki/Sepang_International_Circuit
suzuka,Suzuka Circuit,Japan,2017-10-07,34.8431,Suzuka,136.541,Japanese Grand Prix,16,2017,05:00:00Z,https://en.wikipedia.org/wiki/Suzuka_International_Racing_Course
americas,Circuit of the Americas,USA,2017-10-21,30.1328,Austin,-97.6411,United States Grand Prix,17,2017,19:00:00Z,https://en.wikipedia.org/wiki/Circuit_of_the_Americas
rodriguez,Autódromo Hermanos Rodríguez,Mexico,2017-10-28,19.4042,Mexico City,-99.0907,Mexican Grand Prix,18,2017,19:00:00Z,https://en.wikipedia.org/wiki/Aut%C3%B3dromo_Hermanos_Rodr%C3%ADguez
interlagos,Autódromo José Carlos Pace,Brazil,2017-11-11,-23.7036,São Paulo,-46.6997,Brazilian Grand Prix,19,2017,16:00:00Z,https://en.wikipedia.org/wiki/Interlagos_Circuit
yas_marina,Yas Marina Circuit,UAE,2017-11-25,24.4672,Abu Dhabi,54.6031,Abu Dhabi Grand Prix,20,2017,13:00:00Z,https://en.wikipedia.org/wiki/Yas_Marina_Circuit
albert_park,Albert Park Grand Prix Circuit,Australia,2018-03-24,-37.8497,Melbourne,144.968,Australian Grand Prix,1,2018,05:10:00Z,https://en.wikipedia.org/wiki/Albert_Park_Circuit
bahrain,Bahrain International Circuit,Bahrain,2018-04-07,26.0325,Sakhir,50.5106,Bahrain Grand Prix,2,2018,15:10:00Z,https://en.wikipedia.org/wiki/Bahrain_International_Circuit
shanghai,Shanghai International Circuit,China,2018-04-14,31.3389,Shanghai,121.22,Chinese Grand Prix,3,2018,06:10:00Z,https://en.wikipedia.org/wiki/Shanghai_International_Circuit
baku,Baku City Circuit,Azerbaijan,2018-04-28,40.3725,Baku,49.8533,Azerbaijan Grand Prix,4,2018,12:10:00Z,https://en.wikipedia.org/wiki/Baku_City_Circuit
catalunya,Circuit de Barcelona-Catalunya,Spain,2018-05-12,41.57,Barcelona,2.26111,Spanish Grand Prix,5,2018,13:10:00Z,https://en.wikipedia.org/wiki/Circuit_de_Barcelona-Catalunya
monaco,Circuit de Monaco,Monaco,2018-05-26,43.7347,Monte Carlo,7.42056,Monaco Grand Prix,6,2018,13:10:00Z,https://en.wikipedia.org/wiki/Circuit_de_Monaco
villeneuve,Circuit Gilles Villeneuve,Canada,2018-06-09,45.5,Montreal,-73.5228,Canadian Grand Prix,7,2018,18:10:00Z,https://en.wikipedia.org/wiki/Circuit_Gilles_Villeneuve
ricard,Circuit Paul Ricard,France,2018-06-23,43.2506,Le Castellet,5.79167,French Grand Prix,8,2018,14:10:00Z,https://en.wikipedia.org/wiki/Circuit_Paul_Ricard
red_bull_ring,Red Bull Ring,Austria,2018-06-30,47.2197,Spielberg,14.7647,Austrian Grand Prix,9,2018,13:10:00Z,https://en.wikipedia.org/wiki/Red_Bull_Ring
silverstone,Silverstone Circuit,UK,2018-07-07,52.0786,Silverstone,-1.01694,British Grand Prix,10,2018,13:10:00Z,https://en.wikipedia.org/wiki/Silverstone_Circuit
hockenheimring,Hockenheimring,Germany,2018-07-21,49.3278,Hockenheim,8.56583,German Grand Prix,11,2018,13:10:00Z,https://en.wikipedia.org/wiki/Hockenheimring
hungaroring,Hungaroring,Hungary,2018-07-28,47.5789,Budapest,19.2486,Hungarian Grand Prix,12,2018,13:10:00Z,https://en.wikipedia.org/wiki/Hungaroring
spa,Circuit de Spa-Francorchamps,Belgium,2018-08-25,50.4372,Spa,5.97139,Belgian Grand Prix,13,2018,13:10:00Z,https://en.wikipedia.org/wiki/Circuit_de_Spa-Francorchamps
monza,Autodromo Nazionale di Monza,Italy,2018-09-01,45.6156,Monza,9.28111,Italian Grand Prix,14,2018,13:10:00Z,https://en.wikipedia.org/wiki/Monza_Circuit
marina_bay,Marina Bay Street Circuit,Singapore,2018-09-15,1.2914,Marina Bay,103.864,Singapore Grand Prix,15,2018,12:10:00Z,https://en.wikipedia.org/wiki/Marina_Bay_Street_Circuit
sochi,Sochi Autodrom,Russia,2018-09-29,43.4057,Sochi,39.9578,Russian Grand Prix,16,2018,11:10:00Z,https://en.wikipedia.org/wiki/Sochi_Autodrom
suzuka,Suzuka Circuit,Japan,2018-10-06,34.8431,Suzuka,136.541,Japanese Grand Prix,17,2018,05:10:00Z,https://en.wikipedia.org/wiki/Suzuka_International_Racing_Course
americas,Circuit of the Americas,USA,2018-10-20,30.1328,Austin,-97.6411,United States Grand Prix,18,2018,18:10:00Z,https://en.wikipedia.org/wiki/Circuit_of_the_Americas
rodriguez,Autódromo Hermanos Rodríguez,Mexico,2018-10-27,19.4042,Mexico City,-99.0907,Mexican Grand Prix,19,2018,19:10:00Z,https://en.wikipedia.org/wiki/Aut%C3%B3dromo_Hermanos_Rodr%C3%ADguez
interlagos,Autódromo José Carlos Pace,Brazil,2018-11-10,-23.7036,São Paulo,-46.6997,Brazilian Grand Prix,20,2018,17:10:00Z,https://en.wikipedia.org/wiki/Interlagos_Circuit
yas_marina,Yas Marina Circuit,UAE,2018-11-24,24.4672,Abu Dhabi,54.6031,Abu Dhabi Grand Prix,21,2018,13:10:00Z,https://en.wikipedia.org/wiki/Yas_Marina_Circuit
albert_park,Albert Park Grand Prix Circuit,Australia,2019-03-16,-37.8497,Melbourne,144.968,Australian Grand Prix,1,2019,05:10:00Z,https://en.wikipedia.org/wiki/Albert_Park_Circuit
bahrain,Bahrain International Circuit,Bahrain,2019-03-30,26.0325,Sakhir,50.5106,Bahrain Grand Prix,2,2019,15:10:00Z,https://en.wikipedia.org/wiki/Bahrain_International_Circuit
shanghai,Shanghai International Circuit,China,2019-04-13,31.3389,Shanghai,121.22,Chinese Grand Prix,3,2019,06:10:00Z,https://en.wikipedia.org/wiki/Shanghai_International_Circuit
baku,Baku City Circuit,Azerbaijan,2019-04-27,40.3725,Baku,49.8533,Azerbaijan Grand Prix,4,2019,12:10:00Z,https://en.wikipedia.org/wiki/Baku_City_Circuit
catalunya,Circuit de Barcelona-Catalunya,Spain,2019-05-11,41.57,Barcelona,2.26111,Spanish Grand Prix,5,2019,13:10:00Z,https://en.wikipedia.org/wiki/Circuit_de_Barcelona-Catalunya
monaco,Circuit de Monaco,Monaco,2019-05-25,43.7347,Monte Carlo,7.42056,Monaco Grand Prix,6,2019,13:10:00Z,https://en.wikipedia.org/wiki/Circuit_de_Monaco
villeneuve,Circuit Gilles Villeneuve,Canada,2019-06-08,45.5,Montreal,-73.5228,Canadian Grand Prix,7,2019,18:10:00Z,https://en.wikipedia.org/wiki/Circuit_Gilles_Villeneuve
ricard,Circuit Paul Ricard,France,2019-06-22,43.2506,Le Castellet,5.79167,French Grand Prix,8,2019,13:10:00Z,https://en.wikipedia.org/wiki/Circuit_Paul_Ricard
red_bull_ring,Red Bull Ring,Austria,2019-06-29,47.2197,Spielberg,14.7647,Austrian Grand Prix,9,2019,13:10:00Z,https://en.wikipedia.org/wiki/Red_Bull_Ring
silverstone,Silverstone Circuit,UK,2019-07-13,52.0786,Silverstone,-1.01694,British Grand Prix,10,2019,13:10:00Z,https://en.wikipedia.org/wiki/Silverstone_Circuit
hockenheimring,Hockenheimring,Germany,2019-07-27,49.3278,Hockenheim,8.56583,German Grand Prix,11,2019,13:10:00Z,https://en.wikipedia.org/wiki/Hockenheimring
hungaroring,Hungaroring,Hungary,2019-08-03,47.5789,Budapest,19.2486,Hungarian Grand Prix,12,2019,13:10:00Z,https://en.wikipedia.org/wiki/Hungaroring
spa,Circuit de Spa-Francorchamps,Belgium,2019-08-31,50.4372,Spa,5.97139,Belgian Grand Prix,13,2019,13:10:00Z,https://en.wikipedia.org/wiki/Circuit_de_Spa-Francorchamps
monza,Autodromo Nazionale di Monza,Italy,2019-09-07,45.6156,Monza,9.28111,Italian Grand Prix,14,2019,13:10:00Z,https://en.wikipedia.org/wiki/Monza_Circuit
marina_bay,Marina Bay Street Circuit,Singapore,2019-09-21,1.2914,Marina Bay,103.864,Singapore Grand Prix,15,2019,12:10:00Z,https://en.wikipedia.org/wiki/Marina_Bay_Street_Circuit
sochi,Sochi Autodrom,Russia,2019-09-28,43.4057,Sochi,39.9578,Russian Grand Prix,16,2019,11:10:00Z,https://en.wikipedia.org/wiki/Sochi_Autodrom
suzuka,Suzuka Circuit,Japan,2019-10-12,34.8431,Suzuka,136.541,Japanese Grand Prix,17,2019,05:10:00Z,https://en.wikipedia.org/wiki/Suzuka_International_Racing_Course
rodriguez,Autódromo Hermanos Rodríguez,Mexico,2019-10-26,19.4042,Mexico City,-99.0907,Mexican Grand Prix,18,2019,19:10:00Z,https://en.wikipedia.org/wiki/Aut%C3%B3dromo_Hermanos_Rodr%C3%ADguez
americas,Circuit of the Americas,USA,2019-11-02,30.1328,Austin,-97.6411,United States Grand Prix,19,2019,19:10:00Z,https://en.wikipedia.org/wiki/Circuit_of_the_Americas
interlagos,Autódromo José Carlos Pace,Brazil,2019-11-16,-23.7036,São Paulo,-46.6997,Brazilian Grand Prix,20,2019,17:10:00Z,https://en.wikipedia.org/wiki/Interlagos_Circuit
yas_marina,Yas Marina Circuit,UAE,2019-11-30,24.4672,Abu Dhabi,54.6031,Abu Dhabi Grand Prix,21,2019,13:10:00Z,https://en.wikipedia.org/wiki/Yas_Marina_Circuit
red_bull_ring,Red Bull Ring,Austria,2020-07-04,47.2197,Spielberg,14.7647,Austrian Grand Prix,1,2020,13:10:00Z,https://en.wikipedia.org/wiki/Red_Bull_Ring
red_bull_ring,Red Bull Ring,Austria,2020-07-11,47.2197,Spielberg,14.7647,Styrian Grand Prix,2,2020,13:10:00Z,https://en.wikipedia.org/wiki/Red_Bull_Ring
hungaroring,Hungaroring,Hungary,2020-07-18,47.5789,Budapest,19.2486,Hungarian Grand Prix,3,2020,13:10:00Z,https://en.wikipedia.org/wiki/Hungaroring
silverstone,Silverstone Circuit,UK,2020-08-01,52.0786,Silverstone,-1.01694,British Grand Prix,4,2020,13:10:00Z,https://en.wikipedia.org/wiki/Silverstone_Circuit
silverstone,Silverstone Circuit,UK,2020-08-08,52.0786,Silverstone,-1.01694,70th Anniversary Grand Prix,5,2020,13:10:00Z,https://en.wikipedia.org/wiki/Silverstone_Circuit
catalunya,Circuit de Barcelona-Catalunya,Spain,2020-08-15,41.57,Barcelona,2.26111,Spanish Grand Prix,6,2020,13:10:00Z,https://en.wikipedia.org/wiki/Circuit_de_Barcelona-Catalunya
spa,Circuit de Spa-Francorchamps,Belgium,2020-08-29,50.4372,Spa,5.97139,Belgian Grand Prix,7,2020,13:10:00Z,https://en.wikipedia.org/wiki/Circuit_de_Spa-Francorchamps
monza,Autodromo Nazionale di Monza,Italy,2020-09-05,45.6156,Monza,9.28111,Italian Grand Prix,8,2020,13:10:00Z,https://en.wikipedia.org/wiki/Monza_Circuit
mugello,Autodromo Internazionale del Mugello,Italy,2020-09-12,43.9975,Mugello,11.3719,Tuscan Grand Prix,9,2020,13:10:00Z,https://en.wikipedia.org/wiki/Mugello_Circuit
sochi,Sochi Autodrom,Russia,2020-09-26,43.4057,Sochi,39.9578,Russian Grand Prix,10,2020,11:10:00Z,https://en.wikipedia.org/wiki/Sochi_Autodrom
nurburgring,Nürburgring,Germany,2020-10-10,50.3356,Nürburg,6.9475,Eifel Grand Prix,11,2020,13:10:00Z,https://en.wikipedia.org/wiki/N%C3%BCrburgring
portimao,Autódromo Internacional do Algarve,Portugal,2020-10-24,37.227,Portimão,-8.6267,Portuguese Grand Prix,12,2020,12:10:00Z,https://en.wikipedia.org/wiki/Algarve_International_Circuit
imola,Autodromo Enzo e Dino Ferrari,Italy,2020-10-31,44.3439,Imola,11.7167,Emilia Romagna Grand Prix,13,2020,12:10:00Z,https://en.wikipedia.org/wiki/Imola_Circuit
istanbul,Istanbul Park,Turkey,2020-11-14,40.9517,Istanbul,29.405,Turkish Grand Prix,14,2020,10:10:00Z,https://en.wikipedia.org/wiki/Istanbul_Park
bahrain,Bahrain International Circuit,Bahrain,2020-11-28,26.0325,Sakhir,50.5106,Bahrain Grand Prix,15,2020,14:10:00Z,https://en.wikipedia.org/wiki/Bahrain_International_Circuit
bahrain,Bahrain International Circuit,Bahrain,2020-12-05,26.0325,Sakhir,50.5106,Sakhir Grand Prix,16,2020,17:10:00Z,https://en.wikipedia.org/wiki/Bahrain_International_Circuit
yas_marina,Yas Marina Circuit,UAE,2020-12-12,24.4672,Abu Dhabi,54.6031,Abu Dhabi Grand Prix,17,2020,13:10:00Z,https://en.wikipedia.org/wiki/Yas_Marina_Circuit
bahrain,Bahrain International Circuit,Bahrain,2021-03-27,26.0325,Sakhir,50.5106,Bahrain Grand Prix,1,2021,15:00:00Z,https://en.wikipedia.org/wiki/Bahrain_International_Circuit
imola,Autodromo Enzo e Dino Ferrari,Italy,2021-04-17,44.3439,Imola,11.7167,Emilia Romagna Grand Prix,2,2021,13:00:00Z,https://en.wikipedia.org/wiki/Imola_Circuit
portimao,Autódromo Internacional do Algarve,Portugal,2021-05-01,37.227,Portimão,-8.6267,Portuguese Grand Prix,3,2021,14:00:00Z,https://en.wikipedia.org/wiki/Algarve_International_Circuit
catalunya,Circuit de Barcelona-Catalunya,Spain,2021-05-08,41.57,Barcelona,2.26111,Spanish Grand Prix,4,2021,13:00:00Z,https://en.wikipedia.org/wiki/Circuit_de_Barcelona-Catalunya
monaco,Circuit de Monaco,Monaco,2021-05-22,43.7347,Monte Carlo,7.42056,Monaco Grand Prix,5,2021,13:00:00Z,https://en.wikipedia.org/wiki/Circuit_de_Monaco
baku,Baku City Circuit,Azerbaijan,2021-06-05,40.3725,Baku,49.8533,Azerbaijan Grand Prix,6,2021,12:00:00Z,https://en.wikipedia.org/wiki/Baku_City_Circuit
ricard,Circuit Paul Ricard,France,2021-06-19,43.2506,Le Castellet,5.79167,French Grand Prix,7,2021,13:00:00Z,https://en.wikipedia.org/wiki/Circuit_Paul_Ricard
red_bull_ring,Red Bull Ring,Austria,2021-06-26,47.2197,Spielberg,14.7647,Styrian Grand Prix,8,2021,13:00:00Z,https://en.wikipedia.org/wiki/Red_Bull_Ring
red_bull_ring,Red Bull Ring,Austria,2021-07-03,47.2197,Spielberg,14.7647,Austrian Grand Prix,9,2021,13:00:00Z,https://en.wikipedia.org/wiki/Red_Bull_Ring
silverstone,Silverstone Circuit,UK,2021-07-17,52.0786,Silverstone,-1.01694,British Grand Prix,10,2021,14:00:00Z,https://en.wikipedia.org/wiki/Silverstone_Circuit
hungaroring,Hungaroring,Hungary,2021-07-31,47.5789,Budapest,19.2486,Hungarian Grand Prix,11,2021,13:00:00Z,https://en.wikipedia.org/wiki/Hungaroring
spa,Circuit de Spa-Francorchamps,Belgium,2021-08-28,50.4372,Spa,5.97139,Belgian Grand Prix,12,2021,13:00:00Z,https://en.wikipedia.org/wiki/Circuit_de_Spa-Francorchamps
zandvoort,Circuit Park Zandvoort,Netherlands,2021-09-04,52.3888,Zandvoort,4.54092,Dutch Grand Prix,13,2021,13:00:00Z,https://en.wikipedia.org/wiki/Circuit_Zandvoort
monza,Autodromo Nazionale di Monza,Italy,2021-09-11,45.6156,Monza,9.28111,Italian Grand Prix,14,2021,13:00:00Z,https://en.wikipedia.org/wiki/Monza_Circuit
sochi,Sochi Autodrom,Russia,2021-09-25,43.4057,Sochi,39.9578,Russian Grand Prix,15,2021,12:00:00Z,https://en.wikipedia.org/wiki/Sochi_Autodrom
istanbul,Istanbul Park,Turkey,2021-10-09,40.9517,Istanbul,29.405,Turkish Grand Prix,16,2021,12:00:00Z,https://en.wikipedia.org/wiki/Istanbul_Park
americas,Circuit of the Americas,USA,2021-10-23,30.1328,Austin,-97.6411,United States Grand Prix,17,2021,19:00:00Z,https://en.wikipedia.org/wiki/Circuit_of_the_Americas
rodriguez,Autódromo Hermanos Rodríguez,Mexico,2021-11-06,19.4042,Mexico City,-99.0907,Mexico City Grand Prix,18,2021,19:00:00Z,https://en.wikipedia.org/wiki/Aut%C3%B3dromo_Hermanos_Rodr%C3%ADguez
interlagos,Autódromo José Carlos Pace,Brazil,2021-11-13,-23.7036,São Paulo,-46.6997,São Paulo Grand Prix,19,2021,17:00:00Z,https://en.wikipedia.org/wiki/Interlagos_Circuit
losail,Lusail International Circuit,Qatar,2021-11-20,25.49,Lusail,51.4542,Qatar Grand Prix,20,2021,14:00:00Z,https://en.wikipedia.org/wiki/Lusail_International_Circuit
jeddah,Jeddah Corniche Circuit,Saudi Arabia,2021-12-04,21.6319,Jeddah,39.1044,Saudi Arabian Grand Prix,21,2021,17:30:00Z,https://en.wikipedia.org/wiki/Jeddah_Corniche_Circuit
yas_marina,Yas Marina Circuit,UAE,2021-12-11,24.4672,Abu Dhabi,54.6031,Abu Dhabi Grand Prix,22,2021,13:00:00Z,https://en.wikipedia.org/wiki/Yas_Marina_Circuit
bahrain,Bahrain International Circuit,Bahrain,2022-03-19,26.0325,Sakhir,50.5106,Bahrain Grand Prix,1,2022,15:00:00Z,https://en.wikipedia.org/wiki/Bahrain_International_Circuit
jeddah,Jeddah Corniche Circuit,Saudi Arabia,2022-03-26,21.6319,Jeddah,39.1044,Saudi Arabian Grand Prix,2,2022,17:00:00Z,https://en.wikipedia.org/wiki/Jeddah_Corniche_Circuit
albert_park,Albert Park Grand Prix Circuit,Australia,2022-04-09,-37.8497,Melbourne,144.968,Australian Grand Prix,3,2022,06:00:00Z,https://en.wikipedia.org/wiki/Albert_Park_Circuit
imola,Autodromo Enzo e Dino Ferrari,Italy,2022-04-23,44.3439,Imola,11.7167,Emilia Romagna Grand Prix,4,2022,14:30:00Z,https://en.wikipedia.org/wiki/Imola_Circuit
miami,Miami International Autodrome,USA,2022-05-07,25.9581,Miami,-80.2389,Miami Grand Prix,5,2022,20:00:00Z,https://en.wikipedia.org/wiki/Miami_International_Autodrome
catalunya,Circuit de Barcelona-Catalunya,Spain,2022-05-21,41.57,Barcelona,2.26111,Spanish Grand Prix,6,2022,14:00:00Z,https://en.wikipedia.org/wiki/Circuit_de_Barcelona-Catalunya
monaco,Circuit de Monaco,Monaco,2022-05-28,43.7347,Monte Carlo,7.42056,Monaco Grand Prix,7,2022,14:00:00Z,https://en.wikipedia.org/wiki/Circuit_de_Monaco
baku,Baku City Circuit,Azerbaijan,2022-06-11,40.3725,Baku,49.8533,Azerbaijan Grand Prix,8,2022,14:00:00Z,https://en.wikipedia.org/wiki/Baku_City_Circuit
villeneuve,Circuit Gilles Villeneuve,Canada,2022-06-18,45.5,Montreal,-73.5228,Canadian Grand Prix,9,2022,20:00:00Z,https://en.wikipedia.org/wiki/Circuit_Gilles_Villeneuve
silverstone,Silverstone Circuit,UK,2022-07-02,52.0786,Silverstone,-1.01694,British Grand Prix,10,2022,14:00:00Z,https://en.wikipedia.org/wiki/Silverstone_Circuit
red_bull_ring,Red Bull Ring,Austria,2022-07-09,47.2197,Spielberg,14.7647,Austrian Grand Prix,11,2022,14:30:00Z,https://en.wikipedia.org/wiki/Red_Bull_Ring
ricard,Circuit Paul Ricard,France,2022-07-23,43.2506,Le Castellet,5.79167,French Grand Prix,12,2022,14:00:00Z,https://en.wikipedia.org/wiki/Circuit_Paul_Ricard
hungaroring,Hungaroring,Hungary,2022-07-30,47.5789,Budapest,19.2486,Hungarian Grand Prix,13,2022,14:00:00Z,https://en.wikipedia.org/wiki/Hungaroring
spa,Circuit de Spa-Francorchamps,Belgium,2022-08-27,50.4372,Spa,5.97139,Belgian Grand Prix,14,2022,14:00:00Z,https://en.wikipedia.org/wiki/Circuit_de_Spa-Francorchamps
zandvoort,Circuit Park Zandvoort,Netherlands,2022-09-03,52.3888,Zandvoort,4.54092,Dutch Grand Prix,15,2022,13:00:00Z,https://en.wikipedia.org/wiki/Circuit_Zandvoort
monza,Autodromo Nazionale di Monza,Italy,2022-09-10,45.6156,Monza,9.28111,Italian Grand Prix,16,2022,14:00:00Z,https://en.wikipedia.org/wiki/Monza_Circuit
marina_bay,Marina Bay Street Circuit,Singapore,2022-10-01,1.2914,Marina Bay,103.864,Singapore Grand Prix,17,2022,13:00:00Z,https://en.wikipedia.org/wiki/Marina_Bay_Street_Circuit
suzuka,Suzuka Circuit,Japan,2022-10-08,34.8431,Suzuka,136.541,Japanese Grand Prix,18,2022,06:00:00Z,https://en.wikipedia.org/wiki/Suzuka_International_Racing_Course
americas,Circuit of the Americas,USA,2022-10-22,30.1328,Austin,-97.6411,United States Grand Prix,19,2022,22:00:00Z,https://en.wikipedia.org/wiki/Circuit_of_the_Americas
rodriguez,Autódromo Hermanos Rodríguez,Mexico,2022-10-29,19.4042,Mexico City,-99.0907,Mexico City Grand Prix,20,2022,20:00:00Z,https://en.wikipedia.org/wiki/Aut%C3%B3dromo_Hermanos_Rodr%C3%ADguez
interlagos,Autódromo José Carlos Pace,Brazil,2022-11-12,-23.7036,São Paulo,-46.6997,São Paulo Grand Prix,21,2022,19:30:00Z,https://en.wikipedia.org/wiki/Interlagos_Circuit
yas_marina,Yas Marina Circuit,UAE,2022-11-19,24.4672,Abu Dhabi,54.6031,Abu Dhabi Grand Prix,22,2022,14:00:00Z,https://en.wikipedia.org/wiki/Yas_Marina_Circuit
bahrain,Bahrain International Circuit,Bahrain,2023-03-04,26.0325,Sakhir,50.5106,Bahrain Grand Prix,1,2023,15:00:00Z,https://en.wikipedia.org/wiki/Bahrain_International_Circuit
jeddah,Jeddah Corniche Circuit,Saudi Arabia,2023-03-18,21.6319,Jeddah,39.1044,Saudi Arabian Grand Prix,2,2023,17:00:00Z,https://en.wikipedia.org/wiki/Jeddah_Corniche_Circuit
albert_park,Albert Park Grand Prix Circuit,Australia,2023-04-01,-37.8497,Melbourne,144.968,Australian Grand Prix,3,2023,05:00:00Z,https://en.wikipedia.org/wiki/Albert_Park_Circuit
baku,Baku City Circuit,Azerbaijan,2023-04-29,40.3725,Baku,49.8533,Azerbaijan Grand Prix,4,2023,09:30:00Z,https://en.wikipedia.org/wiki/Baku_City_Circuit
miami,Miami International Autodrome,USA,2023-05-06,25.9581,Miami,-80.2389,Miami Grand Prix,5,2023,20:00:00Z,https://en.wikipedia.org/wiki/Miami_International_Autodrome
monaco,Circuit de Monaco,Monaco,2023-05-27,43.7347,Monte Carlo,7.42056,Monaco Grand Prix,6,2023,14:00:00Z,https://en.wikipedia.org/wiki/Circuit_de_Monaco
catalunya,Circuit de Barcelona-Catalunya,Spain,2023-06-03,41.57,Barcelona,2.26111,Spanish Grand Prix,7,2023,14:00:00Z,https://en.wikipedia.org/wiki/Circuit_de_Barcelona-Catalunya
villeneuve,Circuit Gilles Villeneuve,Canada,2023-06-17,45.5,Montreal,-73.5228,Canadian Grand Prix,8,2023,20:00:00Z,https://en.wikipedia.org/wiki/Circuit_Gilles_Villeneuve
red_bull_ring,Red Bull Ring,Austria,2023-07-01,47.2197,Spielberg,14.7647,Austrian Grand Prix,9,2023,10:30:00Z,https://en.wikipedia.org/wiki/Red_Bull_Ring
silverstone,Silverstone Circuit,UK,2023-07-08,52.0786,Silverstone,-1.01694,British Grand Prix,10,2023,14:00:00Z,https://en.wikipedia.org/wiki/Silverstone_Circuit
hungaroring,Hungaroring,Hungary,2023-07-22,47.5789,Budapest,19.2486,Hungarian Grand Prix,11,2023,14:00:00Z,https://en.wikipedia.org/wiki/Hungaroring
spa,Circuit de Spa-Francorchamps,Belgium,2023-07-29,50.4372,Spa,5.97139,Belgian Grand Prix,12,2023,10:30:00Z,https://en.wikipedia.org/wiki/Circuit_de_Spa-Francorchamps
zandvoort,Circuit Park Zandvoort,Netherlands,2023-08-26,52.3888,Zandvoort,4.54092,Dutch Grand Prix,13,2023,13:00:00Z,https://en.wikipedia.org/wiki/Circuit_Zandvoort
monza,Autodromo Nazionale di Monza,Italy,2023-09-02,45.6156,Monza,9.28111,Italian Grand Prix,14,2023,14:00:00Z,https://en.wikipedia.org/wiki/Monza_Circuit
marina_bay,Marina Bay Street Circuit,Singapore,2023-09-16,1.2914,Marina Bay,103.864,Singapore Grand Prix,15,2023,13:00:00Z,https://en.wikipedia.org/wiki/Marina_Bay_Street_Circuit
suzuka,Suzuka Circuit,Japan,2023-09-23,34.8431,Suzuka,136.541,Japanese Grand Prix,16,2023,06:00:00Z,https://en.wikipedia.org/wiki/Suzuka_International_Racing_Course
losail,Lusail International Circuit,Qatar,2023-10-07,25.49,Lusail,51.4542,Qatar Grand Prix,17,2023,13:00:00Z,https://en.wikipedia.org/wiki/Lusail_International_Circuit
americas,Circuit of the Americas,USA,2023-10-21,30.1328,Austin,-97.6411,United States Grand Prix,18,2023,18:00:00Z,https://en.wikipedia.org/wiki/Circuit_of_the_Americas
rodriguez,Autódromo Hermanos Rodríguez,Mexico,2023-10-28,19.4042,Mexico City,-99.0907,Mexico City Grand Prix,19,2023,21:00:00Z,https://en.wikipedia.org/wiki/Aut%C3%B3dromo_Hermanos_Rodr%C3%ADguez
interlagos,Autódromo José Carlos Pace,Brazil,2023-11-04,-23.7036,São Paulo,-46.6997,São Paulo Grand Prix,20,2023,14:30:00Z,https://en.wikipedia.org/wiki/Interlagos_Circuit
vegas,Las Vegas Strip Street Circuit,USA,2023-11-17,36.1147,Las Vegas,-115.173,Las Vegas Grand Prix,21,2023,08:00:00Z,https://en.wikipedia.org/wiki/Las_Vegas_Grand_Prix#Circuit
yas_marina,Yas Marina Circuit,UAE,2023-11-25,24.4672,Abu Dhabi,54.6031,Abu Dhabi Grand Prix,22,2023,14:00:00Z,https://en.wikipedia.org/wiki/Yas_Marina_Circuit
bahrain,Bahrain International Circuit,Bahrain,2024-03-01,26.0325,Sakhir,50.5106,Bahrain Grand Prix,1,2024,16:00:00Z,https://en.wikipedia.org/wiki/Bahrain_International_Circuit
jeddah,Jeddah Corniche Circuit,Saudi Arabia,2024-03-08,21.6319,Jeddah,39.1044,Saudi Arabian Grand Prix,2,2024,17:00:00Z,https://en.wikipedia.org/wiki/Jeddah_Corniche_Circuit
albert_park,Albert Park Grand Prix Circuit,Australia,2024-03-23,-37.8497,Melbourne,144.968,Australian Grand Prix,3,2024,05:00:00Z,https://en.wikipedia.org/wiki/Albert_Park_Circuit
suzuka,Suzuka Circuit,Japan,2024-04-06,34.8431,Suzuka,136.541,Japanese Grand Prix,4,2024,06:00:00Z,https://en.wikipedia.org/wiki/Suzuka_International_Racing_Course
shanghai,Shanghai International Circuit,China,2024-04-19,31.3389,Shanghai,121.22,Chinese Grand Prix,5,2024,07:30:00Z,https://en.wikipedia.org/wiki/Shanghai_International_Circuit
miami,Miami International Autodrome,USA,2024-05-03,25.9581,Miami,-80.2389,Miami Grand Prix,6,2024,20:30:00Z,https://en.wikipedia.org/wiki/Miami_International_Autodrome
imola,Autodromo Enzo e Dino Ferrari,Italy,2024-05-18,44.3439,Imola,11.7167,Emilia Romagna Grand Prix,7,2024,14:00:00Z,https://en.wikipedia.org/wiki/Imola_Circuit
monaco,Circuit de Monaco,Monaco,2024-05-25,43.7347,Monte Carlo,7.42056,Monaco Grand Prix,8,2024,14:00:00Z,https://en.wikipedia.org/wiki/Circuit_de_Monaco
villeneuve,Circuit Gilles Villeneuve,Canada,2024-06-08,45.5,Montreal,-73.5228,Canadian Grand Prix,9,2024,20:00:00Z,https://en.wikipedia.org/wiki/Circuit_Gilles_Villeneuve
catalunya,Circuit de Barcelona-Catalunya,Spain,2024-06-22,41.57,Barcelona,2.26111,Spanish Grand Prix,10,2024,14:00:00Z,https://en.wikipedia.org/wiki/Circuit_de_Barcelona-Catalunya
red_bull_ring,Red Bull Ring,Austria,2024-06-28,47.2197,Spielberg,14.7647,Austrian Grand Prix,11,2024,14:30:00Z,https://en.wikipedia.org/wiki/Red_Bull_Ring
silverstone,Silverstone Circuit,UK,2024-07-06,52.0786,Silverstone,-1.01694,British Grand Prix,12,2024,14:00:00Z,https://en.wikipedia.org/wiki/Silverstone_Circuit
hungaroring,Hungaroring,Hungary,2024-07-20,47.5789,Budapest,19.2486,Hungarian Grand Prix,13,2024,14:00:00Z,https://en.wikipedia.org/wiki/Hungaroring
spa,Circuit de Spa-Francorchamps,Belgium,2024-07-27,50.4372,Spa,5.97139,Belgian Grand Prix,14,2024,14:00:00Z,https://en.wikipedia.org/wiki/Circuit_de_Spa-Francorchamps
zandvoort,Circuit Park Zandvoort,Netherlands,2024-08-24,52.3888,Zandvoort,4.54092,Dutch Grand Prix,15,2024,13:00:00Z,https://en.wikipedia.org/wiki/Circuit_Zandvoort
monza,Autodromo Nazionale di Monza,Italy,2024-08-31,45.6156,Monza,9.28111,Italian Grand Prix,16,2024,14:00:00Z,https://en.wikipedia.org/wiki/Monza_Circuit
baku,Baku City Circuit,Azerbaijan,2024-09-14,40.3725,Baku,49.8533,Azerbaijan Grand Prix,17,2024,12:00:00Z,https://en.wikipedia.org/wiki/Baku_City_Circuit
marina_bay,Marina Bay Street Circuit,Singapore,2024-09-21,1.2914,Marina Bay,103.864,Singapore Grand Prix,18,2024,13:00:00Z,https://en.wikipedia.org/wiki/Marina_Bay_Street_Circuit
americas,Circuit of the Americas,USA,2024-10-18,30.1328,Austin,-97.6411,United States Grand Prix,19,2024,21:30:00Z,https://en.wikipedia.org/wiki/Circuit_of_the_Americas
rodriguez,Autódromo Hermanos Rodríguez,Mexico,2024-10-26,19.4042,Mexico City,-99.0907,Mexico City Grand Prix,20,2024,21:00:00Z,https://en.wikipedia.org/wiki/Aut%C3%B3dromo_Hermanos_Rodr%C3%ADguez
interlagos,Autódromo José Carlos Pace,Brazil,2024-11-01,-23.7036,São Paulo,-46.6997,São Paulo Grand Prix,21,2024,18:30:00Z,https://en.wikipedia.org/wiki/Interlagos_Circuit
vegas,Las Vegas Strip Street Circuit,USA,2024-11-22,36.1147,Las Vegas,-115.173,Las Vegas Grand Prix,22,2024,06:00:00Z,https://en.wikipedia.org/wiki/Las_Vegas_Grand_Prix#Circuit
losail,Lusail International Circuit,Qatar,2024-11-29,25.49,Lusail,51.4542,Qatar Grand Prix,23,2024,17:30:00Z,https://en.wikipedia.org/wiki/Lusail_International_Circuit
yas_marina,Yas Marina Circuit,UAE,2024-12-07,24.4672,Abu Dhabi,54.6031,Abu Dhabi Grand Prix,24,2024,14:00:00Z,https://en.wikipedia.org/wiki/Yas_Marina_Circuit
albert_park,Albert Park Grand Prix Circuit,Australia,2025-03-15,-37.8497,Melbourne,144.968,Australian Grand Prix,1,2025,05:00:00Z,https://en.wikipedia.org/wiki/Albert_Park_Circuit
shanghai,Shanghai International Circuit,China,2025-03-21,31.3389,Shanghai,121.22,Chinese Grand Prix,2,2025,07:30:00Z,https://en.wikipedia.org/wiki/Shanghai_International_Circuit
suzuka,Suzuka Circuit,Japan,2025-04-05,34.8431,Suzuka,136.541,Japanese Grand Prix,3,2025,06:00:00Z,https://en.wikipedia.org/wiki/Suzuka_International_Racing_Course
bahrain,Bahrain International Circuit,Bahrain,2025-04-12,26.0325,Sakhir,50.5106,Bahrain Grand Prix,4,2025,16:00:00Z,https://en.wikipedia.org/wiki/Bahrain_International_Circuit
jeddah,Jeddah Corniche Circuit,Saudi Arabia,2025-04-19,21.6319,Jeddah,39.1044,Saudi Arabian Grand Prix,5,2025,17:00:00Z,https://en.wikipedia.org/wiki/Jeddah_Corniche_Circuit
miami,Miami International Autodrome,USA,2025-05-02,25.9581,Miami,-80.2389,Miami Grand Prix,6,2025,20:30:00Z,https://en.wikipedia.org/wiki/Miami_International_Autodrome
imola,Autodromo Enzo e Dino Ferrari,Italy,2025-05-17,44.3439,Imola,11.7167,Emilia Romagna Grand Prix,7,2025,14:00:00Z,https://en.wikipedia.org/wiki/Imola_Circuit
monaco,Circuit de Monaco,Monaco,2025-05-24,43.7347,Monte Carlo,7.42056,Monaco Grand Prix,8,2025,14:00:00Z,https://en.wikipedia.org/wiki/Circuit_de_Monaco
catalunya,Circuit de Barcelona-Catalunya,Spain,2025-05-31,41.57,Barcelona,2.26111,Spanish Grand Prix,9,2025,14:00:00Z,https://en.wikipedia.org/wiki/Circuit_de_Barcelona-Catalunya
villeneuve,Circuit Gilles Villeneuve,Canada,2025-06-14,45.5,Montreal,-73.5228,Canadian Grand Prix,10,2025,20:00:00Z,https://en.wikipedia.org/wiki/Circuit_Gilles_Villeneuve
red_bull_ring,Red Bull Ring,Austria,2025-06-28,47.2197,Spielberg,14.7647,Austrian Grand Prix,11,2025,14:00:00Z,https://en.wikipedia.org/wiki/Red_Bull_Ring
silverstone,Silverstone Circuit,UK,2025-07-05,52.0786,Silverstone,-1.01694,British Grand Prix,12,2025,14:00:00Z,https://en.wikipedia.org/wiki/Silverstone_Circuit
spa,Circuit de Spa-Francorchamps,Belgium,2025-07-25,50.4372,Spa,5.97139,Belgian Grand Prix,13,2025,14:30:00Z,https://en.wikipedia.org/wiki/Circuit_de_Spa-Francorchamps
hungaroring,Hungaroring,Hungary,2025-08-02,47.5789,Budapest,19.2486,Hungarian Grand Prix,14,2025,14:00:00Z,https://en.wikipedia.org/wiki/Hungaroring
zandvoort,Circuit Park Zandvoort,Netherlands,2025-08-30,52.3888,Zandvoort,4.54092,Dutch Grand Prix,15,2025,13:00:00Z,https://en.wikipedia.org/wiki/Circuit_Zandvoort
monza,Autodromo Nazionale di Monza,Italy,2025-09-06,45.6156,Monza,9.28111,Italian Grand Prix,16,2025,14:00:00Z,https://en.wikipedia.org/wiki/Monza_Circuit
baku,Baku City Circuit,Azerbaijan,2025-09-20,40.3725,Baku,49.8533,Azerbaijan Grand Prix,17,2025,12:00:00Z,https://en.wikipedia.org/wiki/Baku_City_Circuit
marina_bay,Marina Bay Street Circuit,Singapore,2025-10-04,1.2914,Marina Bay,103.864,Singapore Grand Prix,18,2025,13:00:00Z,https://en.wikipedia.org/wiki/Marina_Bay_Street_Circuit
americas,Circuit of the Americas,USA,2025-10-17,30.1328,Austin,-97.6411,United States Grand Prix,19,2025,21:30:00Z,https://en.wikipedia.org/wiki/Circuit_of_the_Americas
rodriguez,Autódromo Hermanos Rodríguez,Mexico,2025-10-25,19.4042,Mexico City,-99.0907,Mexico City Grand Prix,20,2025,21:00:00Z,https://en.wikipedia.org/wiki/Aut%C3%B3dromo_Hermanos_Rodr%C3%ADguez
interlagos,Autódromo José Carlos Pace,Brazil,2025-11-07,-23.7036,São Paulo,-46.6997,São Paulo Grand Prix,21,2025,18:30:00Z,https://en.wikipedia.org/wiki/Interlagos_Circuit
vegas,Las Vegas Strip Street Circuit,USA,2025-11-22,36.1147,Las Vegas,-115.173,Las Vegas Grand Prix,22,2025,04:00:00Z,https://en.wikipedia.org/wiki/Las_Vegas_Grand_Prix#Circuit
losail,Lusail International Circuit,Qatar,2025-11-28,25.49,Lusail,51.4542,Qatar Grand Prix,23,2025,17:30:00Z,https://en.wikipedia.org/wiki/Lusail_International_Circuit
yas_marina,Yas Marina Circuit,UAE,2025-12-06,24.4672,Abu Dhabi,54.6031,Abu Dhabi Grand Prix,24,2025,14:00:00Z,https://en.wikipedia.org/wiki/Yas_Marina_Circuit
albert_park,Albert Park Grand Prix Circuit,Australia,2026-03-07,-37.8497,Melbourne,144.968,Australian Grand Prix,1,2026,05:00:00Z,https://en.wikipedia.org/wiki/Albert_Park_Circuit
shanghai,Shanghai International Circuit,China,2026-03-13,31.3389,Shanghai,121.22,Chinese Grand Prix,2,2026,07:30:00Z,https://en.wikipedia.org/wiki/Shanghai_International_Circuit
suzuka,Suzuka Circuit,Japan,2026-03-28,34.8431,Suzuka,136.541,Japanese Grand Prix,3,2026,06:00:00Z,https://en.wikipedia.org/wiki/Suzuka_International_Racing_Course
miami,Miami International Autodrome,USA,2026-05-01,25.9581,Miami,-80.2389,Miami Grand Prix,4,2026,20:30:00Z,https://en.wikipedia.org/wiki/Miami_International_Autodrome
villeneuve,Circuit Gilles Villeneuve,Canada,2026-05-22,45.5,Montreal,-73.5228,Canadian Grand Prix,5,2026,20:30:00Z,https://en.wikipedia.org/wiki/Circuit_Gilles_Villeneuve
monaco,Circuit de Monaco,Monaco,2026-06-06,43.7347,Monte Carlo,7.42056,Monaco Grand Prix,6,2026,14:00:00Z,https://en.wikipedia.org/wiki/Circuit_de_Monaco
catalunya,Circuit de Barcelona-Catalunya,Spain,2026-06-13,41.57,Barcelona,2.26111,Barcelona Grand Prix,7,2026,14:00:00Z,https://en.wikipedia.org/wiki/Circuit_de_Barcelona-Catalunya
red_bull_ring,Red Bull Ring,Austria,2026-06-27,47.2197,Spielberg,14.7647,Austrian Grand Prix,8,2026,14:00:00Z,https://en.wikipedia.org/wiki/Red_Bull_Ring
silverstone,Silverstone Circuit,UK,2026-07-03,52.0786,Silverstone,-1.01694,British Grand Prix,9,2026,15:30:00Z,https://en.wikipedia.org/wiki/Silverstone_Circuit
spa,Circuit de Spa-Francorchamps,Belgium,2026-07-18,50.4372,Spa,5.97139,Belgian Grand Prix,10,2026,14:00:00Z,https://en.wikipedia.org/wiki/Circuit_de_Spa-Francorchamps
hungaroring,Hungaroring,Hungary,2026-07-25,47.5789,Budapest,19.2486,Hungarian Grand Prix,11,2026,14:00:00Z,https://en.wikipedia.org/wiki/Hungaroring
zandvoort,Circuit Park Zandvoort,Netherlands,2026-08-21,52.3888,Zandvoort,4.54092,Dutch Grand Prix,12,2026,14:30:00Z,https://en.wikipedia.org/wiki/Circuit_Zandvoort
monza,Autodromo Nazionale di Monza,Italy,2026-09-05,45.6156,Monza,9.28111,Italian Grand Prix,13,2026,14:00:00Z,https://en.wikipedia.org/wiki/Monza_Circuit
madring,Madring,Spain,2026-09-12,40.46528,Madrid,-3.61528,Spanish Grand Prix,14,2026,14:00:00Z,https://en.wikipedia.org/wiki/Madring
baku,Baku City Circuit,Azerbaijan,2026-09-25,40.3725,Baku,49.8533,Azerbaijan Grand Prix,15,2026,12:00:00Z,https://en.wikipedia.org/wiki/Baku_City_Circuit
sepang,Sepang International Circuit,Malaysia,2026-10-03,2.76083,Kuala Lumpur,101.738,Bahrain Grand Prix in Malaysia,16,2026,08:00:00Z,https://en.wikipedia.org/wiki/Sepang_International_Circuit
marina_bay,Marina Bay Street Circuit,Singapore,2026-10-09,1.2914,Marina Bay,103.864,Singapore Grand Prix,17,2026,12:30:00Z,https://en.wikipedia.org/wiki/Marina_Bay_Street_Circuit
americas,Circuit of the Americas,USA,2026-10-24,30.1328,Austin,-97.6411,United States Grand Prix,18,2026,21:00:00Z,https://en.wikipedia.org/wiki/Circuit_of_the_Americas
rodriguez,Autódromo Hermanos Rodríguez,Mexico,2026-10-31,19.4042,Mexico City,-99.0907,Mexico City Grand Prix,19,2026,21:00:00Z,https://en.wikipedia.org/wiki/Aut%C3%B3dromo_Hermanos_Rodr%C3%ADguez
interlagos,Autódromo José Carlos Pace,Brazil,2026-11-07,-23.7036,São Paulo,-46.6997,Brazilian Grand Prix,20,2026,18:00:00Z,https://en.wikipedia.org/wiki/Interlagos_Circuit
vegas,Las Vegas Strip Street Circuit,USA,2026-11-21,36.1147,Las Vegas,-115.173,Las Vegas Grand Prix,21,2026,04:00:00Z,https://en.wikipedia.org/wiki/Las_Vegas_Grand_Prix#Circuit
losail,Lusail International Circuit,Qatar,2026-11-28,25.49,Lusail,51.4542,Qatar Grand Prix,22,2026,18:00:00Z,https://en.wikipedia.org/wiki/Lusail_International_Circuit
yas_marina,Yas Marina Circuit,UAE,2026-12-05,24.4672,Abu Dhabi,54.6031,Abu Dhabi Grand Prix,23,2026,14:00:00Z,https://en.wikipedia.org/wiki/Yas_Marina_Circuit
